anc,mut,res,antibiotic,rep,mic,mic_anc_median,micfc,max_mic,max_mic_median,mut_effect
MG1655,none,none,Ciprofloxacin,1,0.025,0.025,1,OK,OK,none
MG1655,none,none,Ciprofloxacin,2,0.025,0.025,1,OK,OK,none
MG1655,none,none,Ciprofloxacin,3,0.025,0.025,1,OK,OK,none
MG1655,gyrA_S83L_D87N,Fluoroquinolone,Ciprofloxacin,1,0.8,0.025,32,OK,OK,direct
MG1655,gyrA_S83L_D87N,Fluoroquinolone,Ciprofloxacin,2,0.8,0.025,32,OK,OK,direct
MG1655,gyrA_S83L_D87N,Fluoroquinolone,Ciprofloxacin,3,0.8,0.025,32,OK,OK,direct
MG1655,gyrB_D426N,Fluoroquinolone,Ciprofloxacin,1,0.1,0.025,4,OK,OK,direct
MG1655,gyrB_D426N,Fluoroquinolone,Ciprofloxacin,2,0.1,0.025,4,OK,OK,direct
MG1655,gyrB_D426N,Fluoroquinolone,Ciprofloxacin,3,0.1,0.025,4,OK,OK,direct
MG1655,marR_R77H,Fluoroquinolone,Ciprofloxacin,1,0.1,0.025,4,OK,OK,direct
MG1655,marR_R77H,Fluoroquinolone,Ciprofloxacin,2,0.1,0.025,4,OK,OK,direct
MG1655,marR_R77H,Fluoroquinolone,Ciprofloxacin,3,0.1,0.025,4,OK,OK,direct
MG1655,rpoB_H526Y,Rifampicin,Ciprofloxacin,1,0.05,0.025,2,OK,OK,collateral
MG1655,rpoB_H526Y,Rifampicin,Ciprofloxacin,2,0.025,0.025,1,OK,OK,collateral
MG1655,rpoB_H526Y,Rifampicin,Ciprofloxacin,3,0.025,0.025,1,OK,OK,collateral
MG1655,rpoB_S531L,Rifampicin,Ciprofloxacin,1,0.025,0.025,1,OK,OK,collateral
MG1655,rpoB_S531L,Rifampicin,Ciprofloxacin,2,0.025,0.025,1,OK,OK,collateral
MG1655,rpoB_S531L,Rifampicin,Ciprofloxacin,3,0.025,0.025,1,OK,OK,collateral
MG1655,rpsL_K43R,Aminoglycoside,Ciprofloxacin,1,0.05,0.025,2,OK,OK,collateral
MG1655,rpsL_K43R,Aminoglycoside,Ciprofloxacin,2,0.025,0.025,1,OK,OK,collateral
MG1655,rpsL_K43R,Aminoglycoside,Ciprofloxacin,3,0.025,0.025,1,OK,OK,collateral
MG1655,rpsL_K43T,Aminoglycoside,Ciprofloxacin,1,0.025,0.025,1,OK,OK,collateral
MG1655,rpsL_K43T,Aminoglycoside,Ciprofloxacin,2,0.025,0.025,1,OK,OK,collateral
MG1655,rpsL_K43T,Aminoglycoside,Ciprofloxacin,3,0.025,0.025,1,OK,OK,collateral
OLC682,none,none,Ciprofloxacin,1,0.05,0.05,1,OK,OK,none
OLC682,none,none,Ciprofloxacin,2,0.05,0.05,1,OK,OK,none
OLC682,none,none,Ciprofloxacin,3,0.05,0.05,1,OK,OK,none
OLC682,gyrA_S83L_D87N,Fluoroquinolone,Ciprofloxacin,1,1.6,0.05,32,OK,OK,direct
OLC682,gyrA_S83L_D87N,Fluoroquinolone,Ciprofloxacin,2,1.6,0.05,32,OK,OK,direct
OLC682,gyrA_S83L_D87N,Fluoroquinolone,Ciprofloxacin,3,0.8,0.05,16,OK,OK,direct
OLC682,gyrB_D426N,Fluoroquinolone,Ciprofloxacin,1,0.1,0.05,2,OK,OK,direct
OLC682,gyrB_D426N,Fluoroquinolone,Ciprofloxacin,2,0.1,0.05,2,OK,OK,direct
OLC682,gyrB_D426N,Fluoroquinolone,Ciprofloxacin,3,0.1,0.05,2,OK,OK,direct
OLC682,marR_R77H,Fluoroquinolone,Ciprofloxacin,1,0.1,0.05,2,OK,OK,direct
OLC682,marR_R77H,Fluoroquinolone,Ciprofloxacin,2,0.1,0.05,2,OK,OK,direct
OLC682,marR_R77H,Fluoroquinolone,Ciprofloxacin,3,0.05,0.05,1,OK,OK,direct
OLC682,rpoB_H526Y,Rifampicin,Ciprofloxacin,1,0.05,0.05,1,OK,OK,collateral
OLC682,rpoB_H526Y,Rifampicin,Ciprofloxacin,2,0.05,0.05,1,OK,OK,collateral
OLC682,rpoB_H526Y,Rifampicin,Ciprofloxacin,3,0.05,0.05,1,OK,OK,collateral
OLC682,rpoB_S531L,Rifampicin,Ciprofloxacin,1,0.05,0.05,1,OK,OK,collateral
OLC682,rpoB_S531L,Rifampicin,Ciprofloxacin,2,0.05,0.05,1,OK,OK,collateral
OLC682,rpoB_S531L,Rifampicin,Ciprofloxacin,3,0.05,0.05,1,OK,OK,collateral
OLC682,rpsL_K43R,Aminoglycoside,Ciprofloxacin,1,0.05,0.05,1,OK,OK,collateral
OLC682,rpsL_K43R,Aminoglycoside,Ciprofloxacin,2,0.05,0.05,1,OK,OK,collateral
OLC682,rpsL_K43R,Aminoglycoside,Ciprofloxacin,3,0.05,0.05,1,OK,OK,collateral
OLC682,rpsL_K43T,Aminoglycoside,Ciprofloxacin,1,0.05,0.05,1,OK,OK,collateral
OLC682,rpsL_K43T,Aminoglycoside,Ciprofloxacin,2,0.1,0.05,2,OK,OK,collateral
OLC682,rpsL_K43T,Aminoglycoside,Ciprofloxacin,3,0.05,0.05,1,OK,OK,collateral
OLC809,none,none,Ciprofloxacin,1,0.05,0.025,2,OK,OK,none
OLC809,none,none,Ciprofloxacin,2,0.025,0.025,1,OK,OK,none
OLC809,none,none,Ciprofloxacin,3,0.025,0.025,1,OK,OK,none
OLC809,gyrA_S83L_D87N,Fluoroquinolone,Ciprofloxacin,1,0.8,0.025,32,OK,OK,direct
OLC809,gyrA_S83L_D87N,Fluoroquinolone,Ciprofloxacin,2,0.8,0.025,32,OK,OK,direct
OLC809,gyrA_S83L_D87N,Fluoroquinolone,Ciprofloxacin,3,0.8,0.025,32,OK,OK,direct
OLC809,gyrB_D426N,Fluoroquinolone,Ciprofloxacin,1,0.1,0.025,4,OK,OK,direct
OLC809,gyrB_D426N,Fluoroquinolone,Ciprofloxacin,2,0.1,0.025,4,OK,OK,direct
OLC809,gyrB_D426N,Fluoroquinolone,Ciprofloxacin,3,0.1,0.025,4,OK,OK,direct
OLC809,marR_R77H,Fluoroquinolone,Ciprofloxacin,1,0.1,0.025,4,OK,OK,direct
OLC809,marR_R77H,Fluoroquinolone,Ciprofloxacin,2,0.1,0.025,4,OK,OK,direct
OLC809,marR_R77H,Fluoroquinolone,Ciprofloxacin,3,0.1,0.025,4,OK,OK,direct
OLC809,rpoB_H526Y,Rifampicin,Ciprofloxacin,1,0.025,0.025,1,OK,OK,collateral
OLC809,rpoB_H526Y,Rifampicin,Ciprofloxacin,2,0.025,0.025,1,OK,OK,collateral
OLC809,rpoB_H526Y,Rifampicin,Ciprofloxacin,3,0.025,0.025,1,OK,OK,collateral
OLC809,rpoB_S531L,Rifampicin,Ciprofloxacin,1,0.025,0.025,1,OK,OK,collateral
OLC809,rpoB_S531L,Rifampicin,Ciprofloxacin,2,0.05,0.025,2,OK,OK,collateral
OLC809,rpoB_S531L,Rifampicin,Ciprofloxacin,3,0.025,0.025,1,OK,OK,collateral
OLC809,rpsL_K43R,Aminoglycoside,Ciprofloxacin,1,0.05,0.025,2,OK,OK,collateral
OLC809,rpsL_K43R,Aminoglycoside,Ciprofloxacin,2,0.05,0.025,2,OK,OK,collateral
OLC809,rpsL_K43R,Aminoglycoside,Ciprofloxacin,3,0.025,0.025,1,OK,OK,collateral
OLC809,rpsL_K43T,Aminoglycoside,Ciprofloxacin,1,0.05,0.025,2,OK,OK,collateral
OLC809,rpsL_K43T,Aminoglycoside,Ciprofloxacin,2,0.05,0.025,2,OK,OK,collateral
OLC809,rpsL_K43T,Aminoglycoside,Ciprofloxacin,3,0.025,0.025,1,OK,OK,collateral
OLC969,none,none,Ciprofloxacin,1,0.025,0.025,1,OK,OK,none
OLC969,none,none,Ciprofloxacin,2,0.025,0.025,1,OK,OK,none
OLC969,none,none,Ciprofloxacin,3,0.05,0.025,2,OK,OK,none
OLC969,gyrA_S83L_D87N,Fluoroquinolone,Ciprofloxacin,1,0.8,0.025,32,OK,OK,direct
OLC969,gyrA_S83L_D87N,Fluoroquinolone,Ciprofloxacin,2,0.8,0.025,32,OK,OK,direct
OLC969,gyrA_S83L_D87N,Fluoroquinolone,Ciprofloxacin,3,0.8,0.025,32,OK,OK,direct
OLC969,gyrB_D426N,Fluoroquinolone,Ciprofloxacin,1,NA,NA,NA,NA,NA,direct
OLC969,gyrB_D426N,Fluoroquinolone,Ciprofloxacin,2,NA,NA,NA,NA,NA,direct
OLC969,gyrB_D426N,Fluoroquinolone,Ciprofloxacin,3,NA,NA,NA,NA,NA,direct
OLC969,marR_R77H,Fluoroquinolone,Ciprofloxacin,1,0.1,0.025,4,OK,OK,direct
OLC969,marR_R77H,Fluoroquinolone,Ciprofloxacin,2,0.05,0.025,2,OK,OK,direct
OLC969,marR_R77H,Fluoroquinolone,Ciprofloxacin,3,0.05,0.025,2,OK,OK,direct
OLC969,rpoB_H526Y,Rifampicin,Ciprofloxacin,1,0.025,0.025,1,OK,OK,collateral
OLC969,rpoB_H526Y,Rifampicin,Ciprofloxacin,2,0.025,0.025,1,OK,OK,collateral
OLC969,rpoB_H526Y,Rifampicin,Ciprofloxacin,3,0.025,0.025,1,OK,OK,collateral
OLC969,rpoB_S531L,Rifampicin,Ciprofloxacin,1,0.1,0.025,4,OK,OK,collateral
OLC969,rpoB_S531L,Rifampicin,Ciprofloxacin,2,0.05,0.025,2,OK,OK,collateral
OLC969,rpoB_S531L,Rifampicin,Ciprofloxacin,3,0.05,0.025,2,OK,OK,collateral
OLC969,rpsL_K43R,Aminoglycoside,Ciprofloxacin,1,NA,NA,NA,NA,NA,collateral
OLC969,rpsL_K43R,Aminoglycoside,Ciprofloxacin,2,NA,NA,NA,NA,NA,collateral
OLC969,rpsL_K43R,Aminoglycoside,Ciprofloxacin,3,NA,NA,NA,NA,NA,collateral
OLC969,rpsL_K43T,Aminoglycoside,Ciprofloxacin,1,NA,NA,NA,NA,NA,collateral
OLC969,rpsL_K43T,Aminoglycoside,Ciprofloxacin,2,NA,NA,NA,NA,NA,collateral
OLC969,rpsL_K43T,Aminoglycoside,Ciprofloxacin,3,NA,NA,NA,NA,NA,collateral
PB1,none,none,Ciprofloxacin,1,0.025,0.025,1,OK,OK,none
PB1,none,none,Ciprofloxacin,2,0.025,0.025,1,OK,OK,none
PB1,none,none,Ciprofloxacin,3,0.025,0.025,1,OK,OK,none
PB1,gyrA_S83L_D87N,Fluoroquinolone,Ciprofloxacin,1,0.2,0.025,8,OK,OK,direct
PB1,gyrA_S83L_D87N,Fluoroquinolone,Ciprofloxacin,2,0.4,0.025,16,OK,OK,direct
PB1,gyrA_S83L_D87N,Fluoroquinolone,Ciprofloxacin,3,0.4,0.025,16,OK,OK,direct
PB1,gyrB_D426N,Fluoroquinolone,Ciprofloxacin,1,0.05,0.025,2,OK,OK,direct
PB1,gyrB_D426N,Fluoroquinolone,Ciprofloxacin,2,0.05,0.025,2,OK,OK,direct
PB1,gyrB_D426N,Fluoroquinolone,Ciprofloxacin,3,0.05,0.025,2,OK,OK,direct
PB1,marR_R77H,Fluoroquinolone,Ciprofloxacin,1,0.025,0.025,1,OK,OK,direct
PB1,marR_R77H,Fluoroquinolone,Ciprofloxacin,2,0.025,0.025,1,OK,OK,direct
PB1,marR_R77H,Fluoroquinolone,Ciprofloxacin,3,0.025,0.025,1,OK,OK,direct
PB1,rpoB_H526Y,Rifampicin,Ciprofloxacin,1,0.025,0.025,1,OK,OK,collateral
PB1,rpoB_H526Y,Rifampicin,Ciprofloxacin,2,0.025,0.025,1,OK,OK,collateral
PB1,rpoB_H526Y,Rifampicin,Ciprofloxacin,3,0.025,0.025,1,OK,OK,collateral
PB1,rpoB_S531L,Rifampicin,Ciprofloxacin,1,NA,NA,NA,NA,NA,collateral
PB1,rpoB_S531L,Rifampicin,Ciprofloxacin,2,NA,NA,NA,NA,NA,collateral
PB1,rpoB_S531L,Rifampicin,Ciprofloxacin,3,NA,NA,NA,NA,NA,collateral
PB1,rpsL_K43R,Aminoglycoside,Ciprofloxacin,1,0.025,0.025,1,OK,OK,collateral
PB1,rpsL_K43R,Aminoglycoside,Ciprofloxacin,2,0.025,0.025,1,OK,OK,collateral
PB1,rpsL_K43R,Aminoglycoside,Ciprofloxacin,3,0.025,0.025,1,OK,OK,collateral
PB1,rpsL_K43T,Aminoglycoside,Ciprofloxacin,1,0.025,0.025,1,OK,OK,collateral
PB1,rpsL_K43T,Aminoglycoside,Ciprofloxacin,2,0.025,0.025,1,OK,OK,collateral
PB1,rpsL_K43T,Aminoglycoside,Ciprofloxacin,3,0.025,0.025,1,OK,OK,collateral
PB2,none,none,Ciprofloxacin,1,0.025,0.025,1,OK,OK,none
PB2,none,none,Ciprofloxacin,2,0.025,0.025,1,OK,OK,none
PB2,none,none,Ciprofloxacin,3,0.025,0.025,1,OK,OK,none
PB2,gyrA_S83L_D87N,Fluoroquinolone,Ciprofloxacin,1,0.4,0.025,16,OK,OK,direct
PB2,gyrA_S83L_D87N,Fluoroquinolone,Ciprofloxacin,2,0.8,0.025,32,OK,OK,direct
PB2,gyrA_S83L_D87N,Fluoroquinolone,Ciprofloxacin,3,0.8,0.025,32,OK,OK,direct
PB2,gyrB_D426N,Fluoroquinolone,Ciprofloxacin,1,0.05,0.025,2,OK,OK,direct
PB2,gyrB_D426N,Fluoroquinolone,Ciprofloxacin,2,0.05,0.025,2,OK,OK,direct
PB2,gyrB_D426N,Fluoroquinolone,Ciprofloxacin,3,0.05,0.025,2,OK,OK,direct
PB2,marR_R77H,Fluoroquinolone,Ciprofloxacin,1,0.05,0.025,2,OK,OK,direct
PB2,marR_R77H,Fluoroquinolone,Ciprofloxacin,2,0.05,0.025,2,OK,OK,direct
PB2,marR_R77H,Fluoroquinolone,Ciprofloxacin,3,0.05,0.025,2,OK,OK,direct
PB2,rpoB_H526Y,Rifampicin,Ciprofloxacin,1,0.025,0.025,1,OK,OK,collateral
PB2,rpoB_H526Y,Rifampicin,Ciprofloxacin,2,0.025,0.025,1,OK,OK,collateral
PB2,rpoB_H526Y,Rifampicin,Ciprofloxacin,3,0.025,0.025,1,OK,OK,collateral
PB2,rpoB_S531L,Rifampicin,Ciprofloxacin,1,0.025,0.025,1,OK,OK,collateral
PB2,rpoB_S531L,Rifampicin,Ciprofloxacin,2,0.025,0.025,1,OK,OK,collateral
PB2,rpoB_S531L,Rifampicin,Ciprofloxacin,3,0.025,0.025,1,OK,OK,collateral
PB2,rpsL_K43R,Aminoglycoside,Ciprofloxacin,1,0.025,0.025,1,OK,OK,collateral
PB2,rpsL_K43R,Aminoglycoside,Ciprofloxacin,2,0.025,0.025,1,OK,OK,collateral
PB2,rpsL_K43R,Aminoglycoside,Ciprofloxacin,3,0.025,0.025,1,OK,OK,collateral
PB2,rpsL_K43T,Aminoglycoside,Ciprofloxacin,1,0.025,0.025,1,OK,OK,collateral
PB2,rpsL_K43T,Aminoglycoside,Ciprofloxacin,2,0.025,0.025,1,OK,OK,collateral
PB2,rpsL_K43T,Aminoglycoside,Ciprofloxacin,3,0.025,0.025,1,OK,OK,collateral
PB4,none,none,Ciprofloxacin,1,0.025,0.05,0.5,OK,OK,none
PB4,none,none,Ciprofloxacin,2,0.05,0.05,1,OK,OK,none
PB4,none,none,Ciprofloxacin,3,0.05,0.05,1,OK,OK,none
PB4,gyrA_S83L_D87N,Fluoroquinolone,Ciprofloxacin,1,0.8,0.05,16,OK,OK,direct
PB4,gyrA_S83L_D87N,Fluoroquinolone,Ciprofloxacin,2,0.8,0.05,16,OK,OK,direct
PB4,gyrA_S83L_D87N,Fluoroquinolone,Ciprofloxacin,3,0.8,0.05,16,OK,OK,direct
PB4,gyrB_D426N,Fluoroquinolone,Ciprofloxacin,1,0.05,0.05,1,OK,OK,direct
PB4,gyrB_D426N,Fluoroquinolone,Ciprofloxacin,2,0.1,0.05,2,OK,OK,direct
PB4,gyrB_D426N,Fluoroquinolone,Ciprofloxacin,3,0.1,0.05,2,OK,OK,direct
PB4,marR_R77H,Fluoroquinolone,Ciprofloxacin,1,0.1,0.05,2,OK,OK,direct
PB4,marR_R77H,Fluoroquinolone,Ciprofloxacin,2,0.1,0.05,2,OK,OK,direct
PB4,marR_R77H,Fluoroquinolone,Ciprofloxacin,3,0.1,0.05,2,OK,OK,direct
PB4,rpoB_H526Y,Rifampicin,Ciprofloxacin,1,0.05,0.05,1,OK,OK,collateral
PB4,rpoB_H526Y,Rifampicin,Ciprofloxacin,2,0.05,0.05,1,OK,OK,collateral
PB4,rpoB_H526Y,Rifampicin,Ciprofloxacin,3,0.05,0.05,1,OK,OK,collateral
PB4,rpoB_S531L,Rifampicin,Ciprofloxacin,1,NA,NA,NA,NA,NA,collateral
PB4,rpoB_S531L,Rifampicin,Ciprofloxacin,2,NA,NA,NA,NA,NA,collateral
PB4,rpoB_S531L,Rifampicin,Ciprofloxacin,3,NA,NA,NA,NA,NA,collateral
PB4,rpsL_K43R,Aminoglycoside,Ciprofloxacin,1,0.025,0.05,0.5,OK,OK,collateral
PB4,rpsL_K43R,Aminoglycoside,Ciprofloxacin,2,0.05,0.05,1,OK,OK,collateral
PB4,rpsL_K43R,Aminoglycoside,Ciprofloxacin,3,0.025,0.05,0.5,OK,OK,collateral
PB4,rpsL_K43T,Aminoglycoside,Ciprofloxacin,1,0.05,0.05,1,OK,OK,collateral
PB4,rpsL_K43T,Aminoglycoside,Ciprofloxacin,2,0.05,0.05,1,OK,OK,collateral
PB4,rpsL_K43T,Aminoglycoside,Ciprofloxacin,3,0.025,0.05,0.5,OK,OK,collateral
PB5,none,none,Ciprofloxacin,1,0.025,0.025,1,OK,OK,none
PB5,none,none,Ciprofloxacin,2,0.05,0.025,2,OK,OK,none
PB5,none,none,Ciprofloxacin,3,0.025,0.025,1,OK,OK,none
PB5,gyrA_S83L_D87N,Fluoroquinolone,Ciprofloxacin,1,0.4,0.025,16,OK,OK,direct
PB5,gyrA_S83L_D87N,Fluoroquinolone,Ciprofloxacin,2,0.4,0.025,16,OK,OK,direct
PB5,gyrA_S83L_D87N,Fluoroquinolone,Ciprofloxacin,3,0.4,0.025,16,OK,OK,direct
PB5,gyrB_D426N,Fluoroquinolone,Ciprofloxacin,1,0.1,0.025,4,OK,OK,direct
PB5,gyrB_D426N,Fluoroquinolone,Ciprofloxacin,2,0.1,0.025,4,OK,OK,direct
PB5,gyrB_D426N,Fluoroquinolone,Ciprofloxacin,3,0.1,0.025,4,OK,OK,direct
PB5,marR_R77H,Fluoroquinolone,Ciprofloxacin,1,0.1,0.025,4,OK,OK,direct
PB5,marR_R77H,Fluoroquinolone,Ciprofloxacin,2,0.1,0.025,4,OK,OK,direct
PB5,marR_R77H,Fluoroquinolone,Ciprofloxacin,3,0.1,0.025,4,OK,OK,direct
PB5,rpoB_H526Y,Rifampicin,Ciprofloxacin,1,0.025,0.025,1,OK,OK,collateral
PB5,rpoB_H526Y,Rifampicin,Ciprofloxacin,2,0.025,0.025,1,OK,OK,collateral
PB5,rpoB_H526Y,Rifampicin,Ciprofloxacin,3,0.0125,0.025,0.5,OK,OK,collateral
PB5,rpoB_S531L,Rifampicin,Ciprofloxacin,1,0.025,0.025,1,OK,OK,collateral
PB5,rpoB_S531L,Rifampicin,Ciprofloxacin,2,0.025,0.025,1,OK,OK,collateral
PB5,rpoB_S531L,Rifampicin,Ciprofloxacin,3,0.025,0.025,1,OK,OK,collateral
PB5,rpsL_K43R,Aminoglycoside,Ciprofloxacin,1,0.05,0.025,2,OK,OK,collateral
PB5,rpsL_K43R,Aminoglycoside,Ciprofloxacin,2,0.025,0.025,1,OK,OK,collateral
PB5,rpsL_K43R,Aminoglycoside,Ciprofloxacin,3,0.025,0.025,1,OK,OK,collateral
PB5,rpsL_K43T,Aminoglycoside,Ciprofloxacin,1,0.025,0.025,1,OK,OK,collateral
PB5,rpsL_K43T,Aminoglycoside,Ciprofloxacin,2,0.025,0.025,1,OK,OK,collateral
PB5,rpsL_K43T,Aminoglycoside,Ciprofloxacin,3,0.025,0.025,1,OK,OK,collateral
PB6,none,none,Ciprofloxacin,1,0.05,0.025,2,OK,OK,none
PB6,none,none,Ciprofloxacin,2,0.025,0.025,1,OK,OK,none
PB6,none,none,Ciprofloxacin,3,0.025,0.025,1,OK,OK,none
PB6,gyrA_S83L_D87N,Fluoroquinolone,Ciprofloxacin,1,0.4,0.025,16,OK,OK,direct
PB6,gyrA_S83L_D87N,Fluoroquinolone,Ciprofloxacin,2,0.8,0.025,32,OK,OK,direct
PB6,gyrA_S83L_D87N,Fluoroquinolone,Ciprofloxacin,3,0.4,0.025,16,OK,OK,direct
PB6,gyrB_D426N,Fluoroquinolone,Ciprofloxacin,1,NA,NA,NA,NA,NA,direct
PB6,gyrB_D426N,Fluoroquinolone,Ciprofloxacin,2,NA,NA,NA,NA,NA,direct
PB6,gyrB_D426N,Fluoroquinolone,Ciprofloxacin,3,NA,NA,NA,NA,NA,direct
PB6,marR_R77H,Fluoroquinolone,Ciprofloxacin,1,0.05,0.025,2,OK,OK,direct
PB6,marR_R77H,Fluoroquinolone,Ciprofloxacin,2,0.1,0.025,4,OK,OK,direct
PB6,marR_R77H,Fluoroquinolone,Ciprofloxacin,3,0.05,0.025,2,OK,OK,direct
PB6,rpoB_H526Y,Rifampicin,Ciprofloxacin,1,0.025,0.025,1,OK,OK,collateral
PB6,rpoB_H526Y,Rifampicin,Ciprofloxacin,2,0.025,0.025,1,OK,OK,collateral
PB6,rpoB_H526Y,Rifampicin,Ciprofloxacin,3,0.025,0.025,1,OK,OK,collateral
PB6,rpoB_S531L,Rifampicin,Ciprofloxacin,1,0.025,0.025,1,OK,OK,collateral
PB6,rpoB_S531L,Rifampicin,Ciprofloxacin,2,0.0125,0.025,0.5,OK,OK,collateral
PB6,rpoB_S531L,Rifampicin,Ciprofloxacin,3,0.0125,0.025,0.5,OK,OK,collateral
PB6,rpsL_K43R,Aminoglycoside,Ciprofloxacin,1,NA,NA,NA,NA,NA,collateral
PB6,rpsL_K43R,Aminoglycoside,Ciprofloxacin,2,NA,NA,NA,NA,NA,collateral
PB6,rpsL_K43R,Aminoglycoside,Ciprofloxacin,3,NA,NA,NA,NA,NA,collateral
PB6,rpsL_K43T,Aminoglycoside,Ciprofloxacin,1,NA,NA,NA,NA,NA,collateral
PB6,rpsL_K43T,Aminoglycoside,Ciprofloxacin,2,NA,NA,NA,NA,NA,collateral
PB6,rpsL_K43T,Aminoglycoside,Ciprofloxacin,3,NA,NA,NA,NA,NA,collateral
PB10,none,none,Ciprofloxacin,1,102.4,102.4,1,OK,OK,none
PB10,none,none,Ciprofloxacin,2,102.4,102.4,1,OK,OK,none
PB10,none,none,Ciprofloxacin,3,102.4,102.4,1,OK,OK,none
PB10,gyrA_S83L_D87N,Fluoroquinolone,Ciprofloxacin,1,NA,NA,NA,NA,NA,direct
PB10,gyrA_S83L_D87N,Fluoroquinolone,Ciprofloxacin,2,NA,NA,NA,NA,NA,direct
PB10,gyrA_S83L_D87N,Fluoroquinolone,Ciprofloxacin,3,NA,NA,NA,NA,NA,direct
PB10,gyrB_D426N,Fluoroquinolone,Ciprofloxacin,1,NA,NA,NA,NA,NA,direct
PB10,gyrB_D426N,Fluoroquinolone,Ciprofloxacin,2,NA,NA,NA,NA,NA,direct
PB10,gyrB_D426N,Fluoroquinolone,Ciprofloxacin,3,NA,NA,NA,NA,NA,direct
PB10,marR_R77H,Fluoroquinolone,Ciprofloxacin,1,NA,NA,NA,NA,NA,direct
PB10,marR_R77H,Fluoroquinolone,Ciprofloxacin,2,NA,NA,NA,NA,NA,direct
PB10,marR_R77H,Fluoroquinolone,Ciprofloxacin,3,NA,NA,NA,NA,NA,direct
PB10,rpoB_H526Y,Rifampicin,Ciprofloxacin,1,102.4,102.4,1,OK,OK,collateral
PB10,rpoB_H526Y,Rifampicin,Ciprofloxacin,2,102.4,102.4,1,OK,OK,collateral
PB10,rpoB_H526Y,Rifampicin,Ciprofloxacin,3,102.4,102.4,1,OK,OK,collateral
PB10,rpoB_S531L,Rifampicin,Ciprofloxacin,1,102.4,102.4,1,OK,OK,collateral
PB10,rpoB_S531L,Rifampicin,Ciprofloxacin,2,102.4,102.4,1,OK,OK,collateral
PB10,rpoB_S531L,Rifampicin,Ciprofloxacin,3,102.4,102.4,1,OK,OK,collateral
PB10,rpsL_K43R,Aminoglycoside,Ciprofloxacin,1,102.4,102.4,1,OK,OK,collateral
PB10,rpsL_K43R,Aminoglycoside,Ciprofloxacin,2,102.4,102.4,1,OK,OK,collateral
PB10,rpsL_K43R,Aminoglycoside,Ciprofloxacin,3,102.4,102.4,1,OK,OK,collateral
PB10,rpsL_K43T,Aminoglycoside,Ciprofloxacin,1,102.4,102.4,1,OK,OK,collateral
PB10,rpsL_K43T,Aminoglycoside,Ciprofloxacin,2,102.4,102.4,1,OK,OK,collateral
PB10,rpsL_K43T,Aminoglycoside,Ciprofloxacin,3,102.4,102.4,1,OK,OK,collateral
PB13,none,none,Ciprofloxacin,1,102.4,102.4,1,OK,OK,none
PB13,none,none,Ciprofloxacin,2,102.4,102.4,1,OK,OK,none
PB13,none,none,Ciprofloxacin,3,102.4,102.4,1,OK,OK,none
PB13,gyrA_S83L_D87N,Fluoroquinolone,Ciprofloxacin,1,NA,NA,NA,NA,NA,direct
PB13,gyrA_S83L_D87N,Fluoroquinolone,Ciprofloxacin,2,NA,NA,NA,NA,NA,direct
PB13,gyrA_S83L_D87N,Fluoroquinolone,Ciprofloxacin,3,NA,NA,NA,NA,NA,direct
PB13,gyrB_D426N,Fluoroquinolone,Ciprofloxacin,1,NA,NA,NA,NA,NA,direct
PB13,gyrB_D426N,Fluoroquinolone,Ciprofloxacin,2,NA,NA,NA,NA,NA,direct
PB13,gyrB_D426N,Fluoroquinolone,Ciprofloxacin,3,NA,NA,NA,NA,NA,direct
PB13,marR_R77H,Fluoroquinolone,Ciprofloxacin,1,NA,NA,NA,NA,NA,direct
PB13,marR_R77H,Fluoroquinolone,Ciprofloxacin,2,NA,NA,NA,NA,NA,direct
PB13,marR_R77H,Fluoroquinolone,Ciprofloxacin,3,NA,NA,NA,NA,NA,direct
PB13,rpoB_H526Y,Rifampicin,Ciprofloxacin,1,51.2,102.4,0.5,OK,OK,collateral
PB13,rpoB_H526Y,Rifampicin,Ciprofloxacin,2,102.4,102.4,1,OK,OK,collateral
PB13,rpoB_H526Y,Rifampicin,Ciprofloxacin,3,102.4,102.4,1,OK,OK,collateral
PB13,rpoB_S531L,Rifampicin,Ciprofloxacin,1,102.4,102.4,1,OK,OK,collateral
PB13,rpoB_S531L,Rifampicin,Ciprofloxacin,2,102.4,102.4,1,OK,OK,collateral
PB13,rpoB_S531L,Rifampicin,Ciprofloxacin,3,102.4,102.4,1,OK,OK,collateral
PB13,rpsL_K43R,Aminoglycoside,Ciprofloxacin,1,102.4,102.4,1,OK,OK,collateral
PB13,rpsL_K43R,Aminoglycoside,Ciprofloxacin,2,102.4,102.4,1,OK,OK,collateral
PB13,rpsL_K43R,Aminoglycoside,Ciprofloxacin,3,102.4,102.4,1,OK,OK,collateral
PB13,rpsL_K43T,Aminoglycoside,Ciprofloxacin,1,102.4,102.4,1,OK,OK,collateral
PB13,rpsL_K43T,Aminoglycoside,Ciprofloxacin,2,102.4,102.4,1,OK,OK,collateral
PB13,rpsL_K43T,Aminoglycoside,Ciprofloxacin,3,102.4,102.4,1,OK,OK,collateral
PB15,none,none,Ciprofloxacin,1,204.8,204.8,1,OK,OK,none
PB15,none,none,Ciprofloxacin,2,204.8,204.8,1,OK,OK,none
PB15,none,none,Ciprofloxacin,3,204.8,204.8,1,OK,OK,none
PB15,gyrA_S83L_D87N,Fluoroquinolone,Ciprofloxacin,1,NA,NA,NA,NA,NA,direct
PB15,gyrA_S83L_D87N,Fluoroquinolone,Ciprofloxacin,2,NA,NA,NA,NA,NA,direct
PB15,gyrA_S83L_D87N,Fluoroquinolone,Ciprofloxacin,3,NA,NA,NA,NA,NA,direct
PB15,gyrB_D426N,Fluoroquinolone,Ciprofloxacin,1,NA,NA,NA,NA,NA,direct
PB15,gyrB_D426N,Fluoroquinolone,Ciprofloxacin,2,NA,NA,NA,NA,NA,direct
PB15,gyrB_D426N,Fluoroquinolone,Ciprofloxacin,3,NA,NA,NA,NA,NA,direct
PB15,marR_R77H,Fluoroquinolone,Ciprofloxacin,1,NA,NA,NA,NA,NA,direct
PB15,marR_R77H,Fluoroquinolone,Ciprofloxacin,2,NA,NA,NA,NA,NA,direct
PB15,marR_R77H,Fluoroquinolone,Ciprofloxacin,3,NA,NA,NA,NA,NA,direct
PB15,rpoB_H526Y,Rifampicin,Ciprofloxacin,1,204.8,204.8,1,OK,OK,collateral
PB15,rpoB_H526Y,Rifampicin,Ciprofloxacin,2,204.8,204.8,1,OK,OK,collateral
PB15,rpoB_H526Y,Rifampicin,Ciprofloxacin,3,204.8,204.8,1,OK,OK,collateral
PB15,rpoB_S531L,Rifampicin,Ciprofloxacin,1,204.8,204.8,1,OK,OK,collateral
PB15,rpoB_S531L,Rifampicin,Ciprofloxacin,2,204.8,204.8,1,OK,OK,collateral
PB15,rpoB_S531L,Rifampicin,Ciprofloxacin,3,204.8,204.8,1,OK,OK,collateral
PB15,rpsL_K43R,Aminoglycoside,Ciprofloxacin,1,204.8,204.8,1,OK,OK,collateral
PB15,rpsL_K43R,Aminoglycoside,Ciprofloxacin,2,204.8,204.8,1,OK,OK,collateral
PB15,rpsL_K43R,Aminoglycoside,Ciprofloxacin,3,204.8,204.8,1,OK,OK,collateral
PB15,rpsL_K43T,Aminoglycoside,Ciprofloxacin,1,204.8,204.8,1,OK,OK,collateral
PB15,rpsL_K43T,Aminoglycoside,Ciprofloxacin,2,204.8,204.8,1,OK,OK,collateral
PB15,rpsL_K43T,Aminoglycoside,Ciprofloxacin,3,204.8,204.8,1,OK,OK,collateral
MG1655,none,none,Rifampicin,1,12.5,12.5,1,OK,OK,none
MG1655,none,none,Rifampicin,2,12.5,12.5,1,OK,OK,none
MG1655,none,none,Rifampicin,3,12.5,12.5,1,OK,OK,none
MG1655,gyrA_S83L_D87N,Fluoroquinolone,Rifampicin,1,12.5,12.5,1,OK,OK,collateral
MG1655,gyrA_S83L_D87N,Fluoroquinolone,Rifampicin,2,12.5,12.5,1,OK,OK,collateral
MG1655,gyrA_S83L_D87N,Fluoroquinolone,Rifampicin,3,12.5,12.5,1,OK,OK,collateral
MG1655,gyrB_D426N,Fluoroquinolone,Rifampicin,1,12.5,12.5,1,OK,OK,collateral
MG1655,gyrB_D426N,Fluoroquinolone,Rifampicin,2,12.5,12.5,1,OK,OK,collateral
MG1655,gyrB_D426N,Fluoroquinolone,Rifampicin,3,12.5,12.5,1,OK,OK,collateral
MG1655,marR_R77H,Fluoroquinolone,Rifampicin,1,12.5,12.5,1,OK,OK,collateral
MG1655,marR_R77H,Fluoroquinolone,Rifampicin,2,12.5,12.5,1,OK,OK,collateral
MG1655,marR_R77H,Fluoroquinolone,Rifampicin,3,12.5,12.5,1,OK,OK,collateral
MG1655,rpoB_H526Y,Rifampicin,Rifampicin,1,3200,12.5,256,OK,OK,direct
MG1655,rpoB_H526Y,Rifampicin,Rifampicin,2,3200,12.5,256,OK,OK,direct
MG1655,rpoB_H526Y,Rifampicin,Rifampicin,3,6400,12.5,512,Max,OK,direct
MG1655,rpoB_S531L,Rifampicin,Rifampicin,1,3200,12.5,256,OK,OK,direct
MG1655,rpoB_S531L,Rifampicin,Rifampicin,2,3200,12.5,256,OK,OK,direct
MG1655,rpoB_S531L,Rifampicin,Rifampicin,3,3200,12.5,256,OK,OK,direct
MG1655,rpsL_K43R,Aminoglycoside,Rifampicin,1,12.5,12.5,1,OK,OK,collateral
MG1655,rpsL_K43R,Aminoglycoside,Rifampicin,2,25,12.5,2,OK,OK,collateral
MG1655,rpsL_K43R,Aminoglycoside,Rifampicin,3,12.5,12.5,1,OK,OK,collateral
MG1655,rpsL_K43T,Aminoglycoside,Rifampicin,1,12.5,12.5,1,OK,OK,collateral
MG1655,rpsL_K43T,Aminoglycoside,Rifampicin,2,12.5,12.5,1,OK,OK,collateral
MG1655,rpsL_K43T,Aminoglycoside,Rifampicin,3,12.5,12.5,1,OK,OK,collateral
OLC682,none,none,Rifampicin,1,12.5,12.5,1,OK,OK,none
OLC682,none,none,Rifampicin,2,12.5,12.5,1,OK,OK,none
OLC682,none,none,Rifampicin,3,6.25,12.5,0.5,OK,OK,none
OLC682,gyrA_S83L_D87N,Fluoroquinolone,Rifampicin,1,25,12.5,2,OK,OK,collateral
OLC682,gyrA_S83L_D87N,Fluoroquinolone,Rifampicin,2,12.5,12.5,1,OK,OK,collateral
OLC682,gyrA_S83L_D87N,Fluoroquinolone,Rifampicin,3,25,12.5,2,OK,OK,collateral
OLC682,gyrB_D426N,Fluoroquinolone,Rifampicin,1,6.25,12.5,0.5,OK,OK,collateral
OLC682,gyrB_D426N,Fluoroquinolone,Rifampicin,2,6.25,12.5,0.5,OK,OK,collateral
OLC682,gyrB_D426N,Fluoroquinolone,Rifampicin,3,6.25,12.5,0.5,OK,OK,collateral
OLC682,marR_R77H,Fluoroquinolone,Rifampicin,1,12.5,12.5,1,OK,OK,collateral
OLC682,marR_R77H,Fluoroquinolone,Rifampicin,2,25,12.5,2,OK,OK,collateral
OLC682,marR_R77H,Fluoroquinolone,Rifampicin,3,12.5,12.5,1,OK,OK,collateral
OLC682,rpoB_H526Y,Rifampicin,Rifampicin,1,3200,12.5,256,OK,OK,direct
OLC682,rpoB_H526Y,Rifampicin,Rifampicin,2,3200,12.5,256,OK,OK,direct
OLC682,rpoB_H526Y,Rifampicin,Rifampicin,3,3200,12.5,256,OK,OK,direct
OLC682,rpoB_S531L,Rifampicin,Rifampicin,1,1600,12.5,128,OK,OK,direct
OLC682,rpoB_S531L,Rifampicin,Rifampicin,2,200,12.5,16,OK,OK,direct
OLC682,rpoB_S531L,Rifampicin,Rifampicin,3,200,12.5,16,OK,OK,direct
OLC682,rpsL_K43R,Aminoglycoside,Rifampicin,1,12.5,12.5,1,OK,OK,collateral
OLC682,rpsL_K43R,Aminoglycoside,Rifampicin,2,12.5,12.5,1,OK,OK,collateral
OLC682,rpsL_K43R,Aminoglycoside,Rifampicin,3,6.25,12.5,0.5,OK,OK,collateral
OLC682,rpsL_K43T,Aminoglycoside,Rifampicin,1,25,12.5,2,OK,OK,collateral
OLC682,rpsL_K43T,Aminoglycoside,Rifampicin,2,12.5,12.5,1,OK,OK,collateral
OLC682,rpsL_K43T,Aminoglycoside,Rifampicin,3,6.25,12.5,0.5,OK,OK,collateral
OLC809,none,none,Rifampicin,1,3.125,6.25,0.5,OK,OK,none
OLC809,none,none,Rifampicin,2,6.25,6.25,1,OK,OK,none
OLC809,none,none,Rifampicin,3,6.25,6.25,1,OK,OK,none
OLC809,gyrA_S83L_D87N,Fluoroquinolone,Rifampicin,1,6.25,6.25,1,OK,OK,collateral
OLC809,gyrA_S83L_D87N,Fluoroquinolone,Rifampicin,2,6.25,6.25,1,OK,OK,collateral
OLC809,gyrA_S83L_D87N,Fluoroquinolone,Rifampicin,3,6.25,6.25,1,OK,OK,collateral
OLC809,gyrB_D426N,Fluoroquinolone,Rifampicin,1,6.25,6.25,1,OK,OK,collateral
OLC809,gyrB_D426N,Fluoroquinolone,Rifampicin,2,6.25,6.25,1,OK,OK,collateral
OLC809,gyrB_D426N,Fluoroquinolone,Rifampicin,3,6.25,6.25,1,OK,OK,collateral
OLC809,marR_R77H,Fluoroquinolone,Rifampicin,1,6.25,6.25,1,OK,OK,collateral
OLC809,marR_R77H,Fluoroquinolone,Rifampicin,2,6.25,6.25,1,OK,OK,collateral
OLC809,marR_R77H,Fluoroquinolone,Rifampicin,3,6.25,6.25,1,OK,OK,collateral
OLC809,rpoB_H526Y,Rifampicin,Rifampicin,1,3200,6.25,512,OK,OK,direct
OLC809,rpoB_H526Y,Rifampicin,Rifampicin,2,3200,6.25,512,OK,OK,direct
OLC809,rpoB_H526Y,Rifampicin,Rifampicin,3,3200,6.25,512,OK,OK,direct
OLC809,rpoB_S531L,Rifampicin,Rifampicin,1,3200,6.25,512,OK,OK,direct
OLC809,rpoB_S531L,Rifampicin,Rifampicin,2,3200,6.25,512,OK,OK,direct
OLC809,rpoB_S531L,Rifampicin,Rifampicin,3,3200,6.25,512,OK,OK,direct
OLC809,rpsL_K43R,Aminoglycoside,Rifampicin,1,3.125,6.25,0.5,OK,OK,collateral
OLC809,rpsL_K43R,Aminoglycoside,Rifampicin,2,6.25,6.25,1,OK,OK,collateral
OLC809,rpsL_K43R,Aminoglycoside,Rifampicin,3,6.25,6.25,1,OK,OK,collateral
OLC809,rpsL_K43T,Aminoglycoside,Rifampicin,1,6.25,6.25,1,OK,OK,collateral
OLC809,rpsL_K43T,Aminoglycoside,Rifampicin,2,6.25,6.25,1,OK,OK,collateral
OLC809,rpsL_K43T,Aminoglycoside,Rifampicin,3,6.25,6.25,1,OK,OK,collateral
OLC969,none,none,Rifampicin,1,6.25,12.5,0.5,OK,OK,none
OLC969,none,none,Rifampicin,2,12.5,12.5,1,OK,OK,none
OLC969,none,none,Rifampicin,3,12.5,12.5,1,OK,OK,none
OLC969,gyrA_S83L_D87N,Fluoroquinolone,Rifampicin,1,6.25,12.5,0.5,OK,OK,collateral
OLC969,gyrA_S83L_D87N,Fluoroquinolone,Rifampicin,2,12.5,12.5,1,OK,OK,collateral
OLC969,gyrA_S83L_D87N,Fluoroquinolone,Rifampicin,3,12.5,12.5,1,OK,OK,collateral
OLC969,gyrB_D426N,Fluoroquinolone,Rifampicin,1,NA,NA,NA,NA,NA,collateral
OLC969,gyrB_D426N,Fluoroquinolone,Rifampicin,2,NA,NA,NA,NA,NA,collateral
OLC969,gyrB_D426N,Fluoroquinolone,Rifampicin,3,NA,NA,NA,NA,NA,collateral
OLC969,marR_R77H,Fluoroquinolone,Rifampicin,1,12.5,12.5,1,OK,OK,collateral
OLC969,marR_R77H,Fluoroquinolone,Rifampicin,2,12.5,12.5,1,OK,OK,collateral
OLC969,marR_R77H,Fluoroquinolone,Rifampicin,3,12.5,12.5,1,OK,OK,collateral
OLC969,rpoB_H526Y,Rifampicin,Rifampicin,1,3200,12.5,256,OK,OK,direct
OLC969,rpoB_H526Y,Rifampicin,Rifampicin,2,3200,12.5,256,OK,OK,direct
OLC969,rpoB_H526Y,Rifampicin,Rifampicin,3,6400,12.5,512,Max,OK,direct
OLC969,rpoB_S531L,Rifampicin,Rifampicin,1,3200,12.5,256,OK,OK,direct
OLC969,rpoB_S531L,Rifampicin,Rifampicin,2,3200,12.5,256,OK,OK,direct
OLC969,rpoB_S531L,Rifampicin,Rifampicin,3,3200,12.5,256,OK,OK,direct
OLC969,rpsL_K43R,Aminoglycoside,Rifampicin,1,NA,NA,NA,NA,NA,collateral
OLC969,rpsL_K43R,Aminoglycoside,Rifampicin,2,NA,NA,NA,NA,NA,collateral
OLC969,rpsL_K43R,Aminoglycoside,Rifampicin,3,NA,NA,NA,NA,NA,collateral
OLC969,rpsL_K43T,Aminoglycoside,Rifampicin,1,NA,NA,NA,NA,NA,collateral
OLC969,rpsL_K43T,Aminoglycoside,Rifampicin,2,NA,NA,NA,NA,NA,collateral
OLC969,rpsL_K43T,Aminoglycoside,Rifampicin,3,NA,NA,NA,NA,NA,collateral
PB1,none,none,Rifampicin,1,3.125,3.125,1,OK,OK,none
PB1,none,none,Rifampicin,2,3.125,3.125,1,OK,OK,none
PB1,none,none,Rifampicin,3,3.125,3.125,1,OK,OK,none
PB1,gyrA_S83L_D87N,Fluoroquinolone,Rifampicin,1,6.25,3.125,2,OK,OK,collateral
PB1,gyrA_S83L_D87N,Fluoroquinolone,Rifampicin,2,6.25,3.125,2,OK,OK,collateral
PB1,gyrA_S83L_D87N,Fluoroquinolone,Rifampicin,3,3.125,3.125,1,OK,OK,collateral
PB1,gyrB_D426N,Fluoroquinolone,Rifampicin,1,6.25,3.125,2,OK,OK,collateral
PB1,gyrB_D426N,Fluoroquinolone,Rifampicin,2,6.25,3.125,2,OK,OK,collateral
PB1,gyrB_D426N,Fluoroquinolone,Rifampicin,3,6.25,3.125,2,OK,OK,collateral
PB1,marR_R77H,Fluoroquinolone,Rifampicin,1,6.25,3.125,2,OK,OK,collateral
PB1,marR_R77H,Fluoroquinolone,Rifampicin,2,6.25,3.125,2,OK,OK,collateral
PB1,marR_R77H,Fluoroquinolone,Rifampicin,3,6.25,3.125,2,OK,OK,collateral
PB1,rpoB_H526Y,Rifampicin,Rifampicin,1,3200,3.125,1024,OK,OK,direct
PB1,rpoB_H526Y,Rifampicin,Rifampicin,2,3200,3.125,1024,OK,OK,direct
PB1,rpoB_H526Y,Rifampicin,Rifampicin,3,3200,3.125,1024,OK,OK,direct
PB1,rpoB_S531L,Rifampicin,Rifampicin,1,NA,NA,NA,NA,NA,direct
PB1,rpoB_S531L,Rifampicin,Rifampicin,2,NA,NA,NA,NA,NA,direct
PB1,rpoB_S531L,Rifampicin,Rifampicin,3,NA,NA,NA,NA,NA,direct
PB1,rpsL_K43R,Aminoglycoside,Rifampicin,1,6.25,3.125,2,OK,OK,collateral
PB1,rpsL_K43R,Aminoglycoside,Rifampicin,2,3.125,3.125,1,OK,OK,collateral
PB1,rpsL_K43R,Aminoglycoside,Rifampicin,3,6.25,3.125,2,OK,OK,collateral
PB1,rpsL_K43T,Aminoglycoside,Rifampicin,1,6.25,3.125,2,OK,OK,collateral
PB1,rpsL_K43T,Aminoglycoside,Rifampicin,2,6.25,3.125,2,OK,OK,collateral
PB1,rpsL_K43T,Aminoglycoside,Rifampicin,3,6.25,3.125,2,OK,OK,collateral
PB2,none,none,Rifampicin,1,12.5,12.5,1,OK,OK,none
PB2,none,none,Rifampicin,2,12.5,12.5,1,OK,OK,none
PB2,none,none,Rifampicin,3,12.5,12.5,1,OK,OK,none
PB2,gyrA_S83L_D87N,Fluoroquinolone,Rifampicin,1,12.5,12.5,1,OK,OK,collateral
PB2,gyrA_S83L_D87N,Fluoroquinolone,Rifampicin,2,12.5,12.5,1,OK,OK,collateral
PB2,gyrA_S83L_D87N,Fluoroquinolone,Rifampicin,3,25,12.5,2,OK,OK,collateral
PB2,gyrB_D426N,Fluoroquinolone,Rifampicin,1,12.5,12.5,1,OK,OK,collateral
PB2,gyrB_D426N,Fluoroquinolone,Rifampicin,2,12.5,12.5,1,OK,OK,collateral
PB2,gyrB_D426N,Fluoroquinolone,Rifampicin,3,12.5,12.5,1,OK,OK,collateral
PB2,marR_R77H,Fluoroquinolone,Rifampicin,1,12.5,12.5,1,OK,OK,collateral
PB2,marR_R77H,Fluoroquinolone,Rifampicin,2,12.5,12.5,1,OK,OK,collateral
PB2,marR_R77H,Fluoroquinolone,Rifampicin,3,12.5,12.5,1,OK,OK,collateral
PB2,rpoB_H526Y,Rifampicin,Rifampicin,1,3200,12.5,256,OK,OK,direct
PB2,rpoB_H526Y,Rifampicin,Rifampicin,2,3200,12.5,256,OK,OK,direct
PB2,rpoB_H526Y,Rifampicin,Rifampicin,3,3200,12.5,256,OK,OK,direct
PB2,rpoB_S531L,Rifampicin,Rifampicin,1,3200,12.5,256,OK,OK,direct
PB2,rpoB_S531L,Rifampicin,Rifampicin,2,3200,12.5,256,OK,OK,direct
PB2,rpoB_S531L,Rifampicin,Rifampicin,3,3200,12.5,256,OK,OK,direct
PB2,rpsL_K43R,Aminoglycoside,Rifampicin,1,12.5,12.5,1,OK,OK,collateral
PB2,rpsL_K43R,Aminoglycoside,Rifampicin,2,12.5,12.5,1,OK,OK,collateral
PB2,rpsL_K43R,Aminoglycoside,Rifampicin,3,12.5,12.5,1,OK,OK,collateral
PB2,rpsL_K43T,Aminoglycoside,Rifampicin,1,12.5,12.5,1,OK,OK,collateral
PB2,rpsL_K43T,Aminoglycoside,Rifampicin,2,12.5,12.5,1,OK,OK,collateral
PB2,rpsL_K43T,Aminoglycoside,Rifampicin,3,12.5,12.5,1,OK,OK,collateral
PB4,none,none,Rifampicin,1,12.5,12.5,1,OK,OK,none
PB4,none,none,Rifampicin,2,12.5,12.5,1,OK,OK,none
PB4,none,none,Rifampicin,3,12.5,12.5,1,OK,OK,none
PB4,gyrA_S83L_D87N,Fluoroquinolone,Rifampicin,1,12.5,12.5,1,OK,OK,collateral
PB4,gyrA_S83L_D87N,Fluoroquinolone,Rifampicin,2,12.5,12.5,1,OK,OK,collateral
PB4,gyrA_S83L_D87N,Fluoroquinolone,Rifampicin,3,12.5,12.5,1,OK,OK,collateral
PB4,gyrB_D426N,Fluoroquinolone,Rifampicin,1,12.5,12.5,1,OK,OK,collateral
PB4,gyrB_D426N,Fluoroquinolone,Rifampicin,2,12.5,12.5,1,OK,OK,collateral
PB4,gyrB_D426N,Fluoroquinolone,Rifampicin,3,12.5,12.5,1,OK,OK,collateral
PB4,marR_R77H,Fluoroquinolone,Rifampicin,1,12.5,12.5,1,OK,OK,collateral
PB4,marR_R77H,Fluoroquinolone,Rifampicin,2,12.5,12.5,1,OK,OK,collateral
PB4,marR_R77H,Fluoroquinolone,Rifampicin,3,6.25,12.5,0.5,OK,OK,collateral
PB4,rpoB_H526Y,Rifampicin,Rifampicin,1,6400,12.5,512,Max,Max,direct
PB4,rpoB_H526Y,Rifampicin,Rifampicin,2,6400,12.5,512,Max,Max,direct
PB4,rpoB_H526Y,Rifampicin,Rifampicin,3,6400,12.5,512,Max,Max,direct
PB4,rpoB_S531L,Rifampicin,Rifampicin,1,NA,NA,NA,NA,NA,direct
PB4,rpoB_S531L,Rifampicin,Rifampicin,2,NA,NA,NA,NA,NA,direct
PB4,rpoB_S531L,Rifampicin,Rifampicin,3,NA,NA,NA,NA,NA,direct
PB4,rpsL_K43R,Aminoglycoside,Rifampicin,1,6.25,12.5,0.5,OK,OK,collateral
PB4,rpsL_K43R,Aminoglycoside,Rifampicin,2,12.5,12.5,1,OK,OK,collateral
PB4,rpsL_K43R,Aminoglycoside,Rifampicin,3,6.25,12.5,0.5,OK,OK,collateral
PB4,rpsL_K43T,Aminoglycoside,Rifampicin,1,12.5,12.5,1,OK,OK,collateral
PB4,rpsL_K43T,Aminoglycoside,Rifampicin,2,12.5,12.5,1,OK,OK,collateral
PB4,rpsL_K43T,Aminoglycoside,Rifampicin,3,12.5,12.5,1,OK,OK,collateral
PB5,none,none,Rifampicin,1,6.25,12.5,0.5,OK,OK,none
PB5,none,none,Rifampicin,2,12.5,12.5,1,OK,OK,none
PB5,none,none,Rifampicin,3,12.5,12.5,1,OK,OK,none
PB5,gyrA_S83L_D87N,Fluoroquinolone,Rifampicin,1,12.5,12.5,1,OK,OK,collateral
PB5,gyrA_S83L_D87N,Fluoroquinolone,Rifampicin,2,12.5,12.5,1,OK,OK,collateral
PB5,gyrA_S83L_D87N,Fluoroquinolone,Rifampicin,3,6.25,12.5,0.5,OK,OK,collateral
PB5,gyrB_D426N,Fluoroquinolone,Rifampicin,1,12.5,12.5,1,OK,OK,collateral
PB5,gyrB_D426N,Fluoroquinolone,Rifampicin,2,6.25,12.5,0.5,OK,OK,collateral
PB5,gyrB_D426N,Fluoroquinolone,Rifampicin,3,6.25,12.5,0.5,OK,OK,collateral
PB5,marR_R77H,Fluoroquinolone,Rifampicin,1,12.5,12.5,1,OK,OK,collateral
PB5,marR_R77H,Fluoroquinolone,Rifampicin,2,25,12.5,2,OK,OK,collateral
PB5,marR_R77H,Fluoroquinolone,Rifampicin,3,25,12.5,2,OK,OK,collateral
PB5,rpoB_H526Y,Rifampicin,Rifampicin,1,3200,12.5,256,OK,OK,direct
PB5,rpoB_H526Y,Rifampicin,Rifampicin,2,3200,12.5,256,OK,OK,direct
PB5,rpoB_H526Y,Rifampicin,Rifampicin,3,3200,12.5,256,OK,OK,direct
PB5,rpoB_S531L,Rifampicin,Rifampicin,1,6400,12.5,512,Max,OK,direct
PB5,rpoB_S531L,Rifampicin,Rifampicin,2,3200,12.5,256,OK,OK,direct
PB5,rpoB_S531L,Rifampicin,Rifampicin,3,1600,12.5,128,OK,OK,direct
PB5,rpsL_K43R,Aminoglycoside,Rifampicin,1,3.125,12.5,0.25,OK,OK,collateral
PB5,rpsL_K43R,Aminoglycoside,Rifampicin,2,6.25,12.5,0.5,OK,OK,collateral
PB5,rpsL_K43R,Aminoglycoside,Rifampicin,3,6.25,12.5,0.5,OK,OK,collateral
PB5,rpsL_K43T,Aminoglycoside,Rifampicin,1,12.5,12.5,1,OK,OK,collateral
PB5,rpsL_K43T,Aminoglycoside,Rifampicin,2,12.5,12.5,1,OK,OK,collateral
PB5,rpsL_K43T,Aminoglycoside,Rifampicin,3,12.5,12.5,1,OK,OK,collateral
PB6,none,none,Rifampicin,1,25,25,1,OK,OK,none
PB6,none,none,Rifampicin,2,25,25,1,OK,OK,none
PB6,none,none,Rifampicin,3,25,25,1,OK,OK,none
PB6,gyrA_S83L_D87N,Fluoroquinolone,Rifampicin,1,12.5,25,0.5,OK,OK,collateral
PB6,gyrA_S83L_D87N,Fluoroquinolone,Rifampicin,2,12.5,25,0.5,OK,OK,collateral
PB6,gyrA_S83L_D87N,Fluoroquinolone,Rifampicin,3,12.5,25,0.5,OK,OK,collateral
PB6,gyrB_D426N,Fluoroquinolone,Rifampicin,1,NA,NA,NA,NA,NA,collateral
PB6,gyrB_D426N,Fluoroquinolone,Rifampicin,2,NA,NA,NA,NA,NA,collateral
PB6,gyrB_D426N,Fluoroquinolone,Rifampicin,3,NA,NA,NA,NA,NA,collateral
PB6,marR_R77H,Fluoroquinolone,Rifampicin,1,12.5,25,0.5,OK,OK,collateral
PB6,marR_R77H,Fluoroquinolone,Rifampicin,2,12.5,25,0.5,OK,OK,collateral
PB6,marR_R77H,Fluoroquinolone,Rifampicin,3,12.5,25,0.5,OK,OK,collateral
PB6,rpoB_H526Y,Rifampicin,Rifampicin,1,3200,25,128,OK,OK,direct
PB6,rpoB_H526Y,Rifampicin,Rifampicin,2,3200,25,128,OK,OK,direct
PB6,rpoB_H526Y,Rifampicin,Rifampicin,3,3200,25,128,OK,OK,direct
PB6,rpoB_S531L,Rifampicin,Rifampicin,1,3200,25,128,OK,OK,direct
PB6,rpoB_S531L,Rifampicin,Rifampicin,2,3200,25,128,OK,OK,direct
PB6,rpoB_S531L,Rifampicin,Rifampicin,3,1600,25,64,OK,OK,direct
PB6,rpsL_K43R,Aminoglycoside,Rifampicin,1,NA,NA,NA,NA,NA,collateral
PB6,rpsL_K43R,Aminoglycoside,Rifampicin,2,NA,NA,NA,NA,NA,collateral
PB6,rpsL_K43R,Aminoglycoside,Rifampicin,3,NA,NA,NA,NA,NA,collateral
PB6,rpsL_K43T,Aminoglycoside,Rifampicin,1,NA,NA,NA,NA,NA,collateral
PB6,rpsL_K43T,Aminoglycoside,Rifampicin,2,NA,NA,NA,NA,NA,collateral
PB6,rpsL_K43T,Aminoglycoside,Rifampicin,3,NA,NA,NA,NA,NA,collateral
PB10,none,none,Rifampicin,1,12.5,12.5,1,OK,OK,none
PB10,none,none,Rifampicin,2,12.5,12.5,1,OK,OK,none
PB10,none,none,Rifampicin,3,12.5,12.5,1,OK,OK,none
PB10,gyrA_S83L_D87N,Fluoroquinolone,Rifampicin,1,NA,NA,NA,NA,NA,collateral
PB10,gyrA_S83L_D87N,Fluoroquinolone,Rifampicin,2,NA,NA,NA,NA,NA,collateral
PB10,gyrA_S83L_D87N,Fluoroquinolone,Rifampicin,3,NA,NA,NA,NA,NA,collateral
PB10,gyrB_D426N,Fluoroquinolone,Rifampicin,1,NA,NA,NA,NA,NA,collateral
PB10,gyrB_D426N,Fluoroquinolone,Rifampicin,2,NA,NA,NA,NA,NA,collateral
PB10,gyrB_D426N,Fluoroquinolone,Rifampicin,3,NA,NA,NA,NA,NA,collateral
PB10,marR_R77H,Fluoroquinolone,Rifampicin,1,NA,NA,NA,NA,NA,collateral
PB10,marR_R77H,Fluoroquinolone,Rifampicin,2,NA,NA,NA,NA,NA,collateral
PB10,marR_R77H,Fluoroquinolone,Rifampicin,3,NA,NA,NA,NA,NA,collateral
PB10,rpoB_H526Y,Rifampicin,Rifampicin,1,3200,12.5,256,OK,OK,direct
PB10,rpoB_H526Y,Rifampicin,Rifampicin,2,3200,12.5,256,OK,OK,direct
PB10,rpoB_H526Y,Rifampicin,Rifampicin,3,3200,12.5,256,OK,OK,direct
PB10,rpoB_S531L,Rifampicin,Rifampicin,1,3200,12.5,256,OK,OK,direct
PB10,rpoB_S531L,Rifampicin,Rifampicin,2,3200,12.5,256,OK,OK,direct
PB10,rpoB_S531L,Rifampicin,Rifampicin,3,3200,12.5,256,OK,OK,direct
PB10,rpsL_K43R,Aminoglycoside,Rifampicin,1,6.25,12.5,0.5,OK,OK,collateral
PB10,rpsL_K43R,Aminoglycoside,Rifampicin,2,6.25,12.5,0.5,OK,OK,collateral
PB10,rpsL_K43R,Aminoglycoside,Rifampicin,3,12.5,12.5,1,OK,OK,collateral
PB10,rpsL_K43T,Aminoglycoside,Rifampicin,1,12.5,12.5,1,OK,OK,collateral
PB10,rpsL_K43T,Aminoglycoside,Rifampicin,2,12.5,12.5,1,OK,OK,collateral
PB10,rpsL_K43T,Aminoglycoside,Rifampicin,3,12.5,12.5,1,OK,OK,collateral
PB13,none,none,Rifampicin,1,12.5,12.5,1,OK,OK,none
PB13,none,none,Rifampicin,2,12.5,12.5,1,OK,OK,none
PB13,none,none,Rifampicin,3,12.5,12.5,1,OK,OK,none
PB13,gyrA_S83L_D87N,Fluoroquinolone,Rifampicin,1,NA,NA,NA,NA,NA,collateral
PB13,gyrA_S83L_D87N,Fluoroquinolone,Rifampicin,2,NA,NA,NA,NA,NA,collateral
PB13,gyrA_S83L_D87N,Fluoroquinolone,Rifampicin,3,NA,NA,NA,NA,NA,collateral
PB13,gyrB_D426N,Fluoroquinolone,Rifampicin,1,NA,NA,NA,NA,NA,collateral
PB13,gyrB_D426N,Fluoroquinolone,Rifampicin,2,NA,NA,NA,NA,NA,collateral
PB13,gyrB_D426N,Fluoroquinolone,Rifampicin,3,NA,NA,NA,NA,NA,collateral
PB13,marR_R77H,Fluoroquinolone,Rifampicin,1,NA,NA,NA,NA,NA,collateral
PB13,marR_R77H,Fluoroquinolone,Rifampicin,2,NA,NA,NA,NA,NA,collateral
PB13,marR_R77H,Fluoroquinolone,Rifampicin,3,NA,NA,NA,NA,NA,collateral
PB13,rpoB_H526Y,Rifampicin,Rifampicin,1,3200,12.5,256,OK,OK,direct
PB13,rpoB_H526Y,Rifampicin,Rifampicin,2,3200,12.5,256,OK,OK,direct
PB13,rpoB_H526Y,Rifampicin,Rifampicin,3,3200,12.5,256,OK,OK,direct
PB13,rpoB_S531L,Rifampicin,Rifampicin,1,1600,12.5,128,OK,OK,direct
PB13,rpoB_S531L,Rifampicin,Rifampicin,2,1600,12.5,128,OK,OK,direct
PB13,rpoB_S531L,Rifampicin,Rifampicin,3,800,12.5,64,OK,OK,direct
PB13,rpsL_K43R,Aminoglycoside,Rifampicin,1,3.125,12.5,0.25,OK,OK,collateral
PB13,rpsL_K43R,Aminoglycoside,Rifampicin,2,12.5,12.5,1,OK,OK,collateral
PB13,rpsL_K43R,Aminoglycoside,Rifampicin,3,12.5,12.5,1,OK,OK,collateral
PB13,rpsL_K43T,Aminoglycoside,Rifampicin,1,12.5,12.5,1,OK,OK,collateral
PB13,rpsL_K43T,Aminoglycoside,Rifampicin,2,12.5,12.5,1,OK,OK,collateral
PB13,rpsL_K43T,Aminoglycoside,Rifampicin,3,12.5,12.5,1,OK,OK,collateral
PB15,none,none,Rifampicin,1,25,25,1,OK,OK,none
PB15,none,none,Rifampicin,2,25,25,1,OK,OK,none
PB15,none,none,Rifampicin,3,25,25,1,OK,OK,none
PB15,gyrA_S83L_D87N,Fluoroquinolone,Rifampicin,1,NA,NA,NA,NA,NA,collateral
PB15,gyrA_S83L_D87N,Fluoroquinolone,Rifampicin,2,NA,NA,NA,NA,NA,collateral
PB15,gyrA_S83L_D87N,Fluoroquinolone,Rifampicin,3,NA,NA,NA,NA,NA,collateral
PB15,gyrB_D426N,Fluoroquinolone,Rifampicin,1,NA,NA,NA,NA,NA,collateral
PB15,gyrB_D426N,Fluoroquinolone,Rifampicin,2,NA,NA,NA,NA,NA,collateral
PB15,gyrB_D426N,Fluoroquinolone,Rifampicin,3,NA,NA,NA,NA,NA,collateral
PB15,marR_R77H,Fluoroquinolone,Rifampicin,1,NA,NA,NA,NA,NA,collateral
PB15,marR_R77H,Fluoroquinolone,Rifampicin,2,NA,NA,NA,NA,NA,collateral
PB15,marR_R77H,Fluoroquinolone,Rifampicin,3,NA,NA,NA,NA,NA,collateral
PB15,rpoB_H526Y,Rifampicin,Rifampicin,1,3200,25,128,OK,OK,direct
PB15,rpoB_H526Y,Rifampicin,Rifampicin,2,3200,25,128,OK,OK,direct
PB15,rpoB_H526Y,Rifampicin,Rifampicin,3,3200,25,128,OK,OK,direct
PB15,rpoB_S531L,Rifampicin,Rifampicin,1,6400,25,256,Max,Max,direct
PB15,rpoB_S531L,Rifampicin,Rifampicin,2,6400,25,256,Max,Max,direct
PB15,rpoB_S531L,Rifampicin,Rifampicin,3,6400,25,256,Max,Max,direct
PB15,rpsL_K43R,Aminoglycoside,Rifampicin,1,25,25,1,OK,OK,collateral
PB15,rpsL_K43R,Aminoglycoside,Rifampicin,2,25,25,1,OK,OK,collateral
PB15,rpsL_K43R,Aminoglycoside,Rifampicin,3,25,25,1,OK,OK,collateral
PB15,rpsL_K43T,Aminoglycoside,Rifampicin,1,25,25,1,OK,OK,collateral
PB15,rpsL_K43T,Aminoglycoside,Rifampicin,2,25,25,1,OK,OK,collateral
PB15,rpsL_K43T,Aminoglycoside,Rifampicin,3,25,25,1,OK,OK,collateral
MG1655,none,none,Streptomycin,1,25,25,1,OK,OK,none
MG1655,none,none,Streptomycin,2,6.25,25,0.25,OK,OK,none
MG1655,none,none,Streptomycin,3,25,25,1,OK,OK,none
MG1655,gyrA_S83L_D87N,Fluoroquinolone,Streptomycin,1,25,25,1,OK,OK,collateral
MG1655,gyrA_S83L_D87N,Fluoroquinolone,Streptomycin,2,25,25,1,OK,OK,collateral
MG1655,gyrA_S83L_D87N,Fluoroquinolone,Streptomycin,3,25,25,1,OK,OK,collateral
MG1655,gyrB_D426N,Fluoroquinolone,Streptomycin,1,12.5,25,0.5,OK,OK,collateral
MG1655,gyrB_D426N,Fluoroquinolone,Streptomycin,2,25,25,1,OK,OK,collateral
MG1655,gyrB_D426N,Fluoroquinolone,Streptomycin,3,25,25,1,OK,OK,collateral
MG1655,marR_R77H,Fluoroquinolone,Streptomycin,1,25,25,1,OK,OK,collateral
MG1655,marR_R77H,Fluoroquinolone,Streptomycin,2,25,25,1,OK,OK,collateral
MG1655,marR_R77H,Fluoroquinolone,Streptomycin,3,25,25,1,OK,OK,collateral
MG1655,rpoB_H526Y,Rifampicin,Streptomycin,1,12.5,25,0.5,OK,OK,collateral
MG1655,rpoB_H526Y,Rifampicin,Streptomycin,2,12.5,25,0.5,OK,OK,collateral
MG1655,rpoB_H526Y,Rifampicin,Streptomycin,3,25,25,1,OK,OK,collateral
MG1655,rpoB_S531L,Rifampicin,Streptomycin,1,12.5,25,0.5,OK,OK,collateral
MG1655,rpoB_S531L,Rifampicin,Streptomycin,2,12.5,25,0.5,OK,OK,collateral
MG1655,rpoB_S531L,Rifampicin,Streptomycin,3,12.5,25,0.5,OK,OK,collateral
MG1655,rpsL_K43R,Aminoglycoside,Streptomycin,1,6400,25,256,Max,Max,direct
MG1655,rpsL_K43R,Aminoglycoside,Streptomycin,2,6400,25,256,Max,Max,direct
MG1655,rpsL_K43R,Aminoglycoside,Streptomycin,3,6400,25,256,Max,Max,direct
MG1655,rpsL_K43T,Aminoglycoside,Streptomycin,1,6400,25,256,Max,Max,direct
MG1655,rpsL_K43T,Aminoglycoside,Streptomycin,2,6400,25,256,Max,Max,direct
MG1655,rpsL_K43T,Aminoglycoside,Streptomycin,3,6400,25,256,Max,Max,direct
OLC682,none,none,Streptomycin,1,25,25,1,OK,OK,none
OLC682,none,none,Streptomycin,2,50,25,2,OK,OK,none
OLC682,none,none,Streptomycin,3,25,25,1,OK,OK,none
OLC682,gyrA_S83L_D87N,Fluoroquinolone,Streptomycin,1,12.5,25,0.5,OK,OK,collateral
OLC682,gyrA_S83L_D87N,Fluoroquinolone,Streptomycin,2,25,25,1,OK,OK,collateral
OLC682,gyrA_S83L_D87N,Fluoroquinolone,Streptomycin,3,25,25,1,OK,OK,collateral
OLC682,gyrB_D426N,Fluoroquinolone,Streptomycin,1,12.5,25,0.5,OK,OK,collateral
OLC682,gyrB_D426N,Fluoroquinolone,Streptomycin,2,12.5,25,0.5,OK,OK,collateral
OLC682,gyrB_D426N,Fluoroquinolone,Streptomycin,3,12.5,25,0.5,OK,OK,collateral
OLC682,marR_R77H,Fluoroquinolone,Streptomycin,1,25,25,1,OK,OK,collateral
OLC682,marR_R77H,Fluoroquinolone,Streptomycin,2,25,25,1,OK,OK,collateral
OLC682,marR_R77H,Fluoroquinolone,Streptomycin,3,25,25,1,OK,OK,collateral
OLC682,rpoB_H526Y,Rifampicin,Streptomycin,1,12.5,25,0.5,OK,OK,collateral
OLC682,rpoB_H526Y,Rifampicin,Streptomycin,2,12.5,25,0.5,OK,OK,collateral
OLC682,rpoB_H526Y,Rifampicin,Streptomycin,3,12.5,25,0.5,OK,OK,collateral
OLC682,rpoB_S531L,Rifampicin,Streptomycin,1,12.5,25,0.5,OK,OK,collateral
OLC682,rpoB_S531L,Rifampicin,Streptomycin,2,12.5,25,0.5,OK,OK,collateral
OLC682,rpoB_S531L,Rifampicin,Streptomycin,3,25,25,1,OK,OK,collateral
OLC682,rpsL_K43R,Aminoglycoside,Streptomycin,1,6400,25,256,Max,Max,direct
OLC682,rpsL_K43R,Aminoglycoside,Streptomycin,2,6400,25,256,Max,Max,direct
OLC682,rpsL_K43R,Aminoglycoside,Streptomycin,3,6400,25,256,Max,Max,direct
OLC682,rpsL_K43T,Aminoglycoside,Streptomycin,1,6400,25,256,Max,Max,direct
OLC682,rpsL_K43T,Aminoglycoside,Streptomycin,2,6400,25,256,Max,Max,direct
OLC682,rpsL_K43T,Aminoglycoside,Streptomycin,3,6400,25,256,Max,Max,direct
OLC809,none,none,Streptomycin,1,25,25,1,OK,OK,none
OLC809,none,none,Streptomycin,2,25,25,1,OK,OK,none
OLC809,none,none,Streptomycin,3,25,25,1,OK,OK,none
OLC809,gyrA_S83L_D87N,Fluoroquinolone,Streptomycin,1,25,25,1,OK,OK,collateral
OLC809,gyrA_S83L_D87N,Fluoroquinolone,Streptomycin,2,25,25,1,OK,OK,collateral
OLC809,gyrA_S83L_D87N,Fluoroquinolone,Streptomycin,3,25,25,1,OK,OK,collateral
OLC809,gyrB_D426N,Fluoroquinolone,Streptomycin,1,25,25,1,OK,OK,collateral
OLC809,gyrB_D426N,Fluoroquinolone,Streptomycin,2,25,25,1,OK,OK,collateral
OLC809,gyrB_D426N,Fluoroquinolone,Streptomycin,3,25,25,1,OK,OK,collateral
OLC809,marR_R77H,Fluoroquinolone,Streptomycin,1,25,25,1,OK,OK,collateral
OLC809,marR_R77H,Fluoroquinolone,Streptomycin,2,25,25,1,OK,OK,collateral
OLC809,marR_R77H,Fluoroquinolone,Streptomycin,3,25,25,1,OK,OK,collateral
OLC809,rpoB_H526Y,Rifampicin,Streptomycin,1,12.5,25,0.5,OK,OK,collateral
OLC809,rpoB_H526Y,Rifampicin,Streptomycin,2,12.5,25,0.5,OK,OK,collateral
OLC809,rpoB_H526Y,Rifampicin,Streptomycin,3,12.5,25,0.5,OK,OK,collateral
OLC809,rpoB_S531L,Rifampicin,Streptomycin,1,12.5,25,0.5,OK,OK,collateral
OLC809,rpoB_S531L,Rifampicin,Streptomycin,2,12.5,25,0.5,OK,OK,collateral
OLC809,rpoB_S531L,Rifampicin,Streptomycin,3,12.5,25,0.5,OK,OK,collateral
OLC809,rpsL_K43R,Aminoglycoside,Streptomycin,1,6400,25,256,Max,Max,direct
OLC809,rpsL_K43R,Aminoglycoside,Streptomycin,2,6400,25,256,Max,Max,direct
OLC809,rpsL_K43R,Aminoglycoside,Streptomycin,3,6400,25,256,Max,Max,direct
OLC809,rpsL_K43T,Aminoglycoside,Streptomycin,1,6400,25,256,Max,Max,direct
OLC809,rpsL_K43T,Aminoglycoside,Streptomycin,2,6400,25,256,Max,Max,direct
OLC809,rpsL_K43T,Aminoglycoside,Streptomycin,3,6400,25,256,Max,Max,direct
OLC969,none,none,Streptomycin,1,200,200,1,OK,OK,none
OLC969,none,none,Streptomycin,2,200,200,1,OK,OK,none
OLC969,none,none,Streptomycin,3,200,200,1,OK,OK,none
OLC969,gyrA_S83L_D87N,Fluoroquinolone,Streptomycin,1,200,200,1,OK,OK,collateral
OLC969,gyrA_S83L_D87N,Fluoroquinolone,Streptomycin,2,200,200,1,OK,OK,collateral
OLC969,gyrA_S83L_D87N,Fluoroquinolone,Streptomycin,3,200,200,1,OK,OK,collateral
OLC969,gyrB_D426N,Fluoroquinolone,Streptomycin,1,NA,NA,NA,NA,NA,collateral
OLC969,gyrB_D426N,Fluoroquinolone,Streptomycin,2,NA,NA,NA,NA,NA,collateral
OLC969,gyrB_D426N,Fluoroquinolone,Streptomycin,3,NA,NA,NA,NA,NA,collateral
OLC969,marR_R77H,Fluoroquinolone,Streptomycin,1,1600,200,8,OK,OK,collateral
OLC969,marR_R77H,Fluoroquinolone,Streptomycin,2,1600,200,8,OK,OK,collateral
OLC969,marR_R77H,Fluoroquinolone,Streptomycin,3,800,200,4,OK,OK,collateral
OLC969,rpoB_H526Y,Rifampicin,Streptomycin,1,200,200,1,OK,OK,collateral
OLC969,rpoB_H526Y,Rifampicin,Streptomycin,2,100,200,0.5,OK,OK,collateral
OLC969,rpoB_H526Y,Rifampicin,Streptomycin,3,200,200,1,OK,OK,collateral
OLC969,rpoB_S531L,Rifampicin,Streptomycin,1,200,200,1,OK,OK,collateral
OLC969,rpoB_S531L,Rifampicin,Streptomycin,2,400,200,2,OK,OK,collateral
OLC969,rpoB_S531L,Rifampicin,Streptomycin,3,400,200,2,OK,OK,collateral
OLC969,rpsL_K43R,Aminoglycoside,Streptomycin,1,NA,NA,NA,NA,NA,direct
OLC969,rpsL_K43R,Aminoglycoside,Streptomycin,2,NA,NA,NA,NA,NA,direct
OLC969,rpsL_K43R,Aminoglycoside,Streptomycin,3,NA,NA,NA,NA,NA,direct
OLC969,rpsL_K43T,Aminoglycoside,Streptomycin,1,NA,NA,NA,NA,NA,direct
OLC969,rpsL_K43T,Aminoglycoside,Streptomycin,2,NA,NA,NA,NA,NA,direct
OLC969,rpsL_K43T,Aminoglycoside,Streptomycin,3,NA,NA,NA,NA,NA,direct
PB1,none,none,Streptomycin,1,25,6.25,4,OK,OK,none
PB1,none,none,Streptomycin,2,3.125,6.25,0.5,OK,OK,none
PB1,none,none,Streptomycin,3,6.25,6.25,1,OK,OK,none
PB1,gyrA_S83L_D87N,Fluoroquinolone,Streptomycin,1,12.5,6.25,2,OK,OK,collateral
PB1,gyrA_S83L_D87N,Fluoroquinolone,Streptomycin,2,25,6.25,4,OK,OK,collateral
PB1,gyrA_S83L_D87N,Fluoroquinolone,Streptomycin,3,25,6.25,4,OK,OK,collateral
PB1,gyrB_D426N,Fluoroquinolone,Streptomycin,1,12.5,6.25,2,OK,OK,collateral
PB1,gyrB_D426N,Fluoroquinolone,Streptomycin,2,12.5,6.25,2,OK,OK,collateral
PB1,gyrB_D426N,Fluoroquinolone,Streptomycin,3,25,6.25,4,OK,OK,collateral
PB1,marR_R77H,Fluoroquinolone,Streptomycin,1,12.5,6.25,2,OK,OK,collateral
PB1,marR_R77H,Fluoroquinolone,Streptomycin,2,12.5,6.25,2,OK,OK,collateral
PB1,marR_R77H,Fluoroquinolone,Streptomycin,3,25,6.25,4,OK,OK,collateral
PB1,rpoB_H526Y,Rifampicin,Streptomycin,1,12.5,6.25,2,OK,OK,collateral
PB1,rpoB_H526Y,Rifampicin,Streptomycin,2,12.5,6.25,2,OK,OK,collateral
PB1,rpoB_H526Y,Rifampicin,Streptomycin,3,12.5,6.25,2,OK,OK,collateral
PB1,rpoB_S531L,Rifampicin,Streptomycin,1,NA,NA,NA,NA,NA,collateral
PB1,rpoB_S531L,Rifampicin,Streptomycin,2,NA,NA,NA,NA,NA,collateral
PB1,rpoB_S531L,Rifampicin,Streptomycin,3,NA,NA,NA,NA,NA,collateral
PB1,rpsL_K43R,Aminoglycoside,Streptomycin,1,6400,6.25,1024,Max,Max,direct
PB1,rpsL_K43R,Aminoglycoside,Streptomycin,2,6400,6.25,1024,Max,Max,direct
PB1,rpsL_K43R,Aminoglycoside,Streptomycin,3,6400,6.25,1024,Max,Max,direct
PB1,rpsL_K43T,Aminoglycoside,Streptomycin,1,6400,6.25,1024,Max,Max,direct
PB1,rpsL_K43T,Aminoglycoside,Streptomycin,2,6400,6.25,1024,Max,Max,direct
PB1,rpsL_K43T,Aminoglycoside,Streptomycin,3,6400,6.25,1024,Max,Max,direct
PB2,none,none,Streptomycin,1,50,25,2,OK,OK,none
PB2,none,none,Streptomycin,2,12.5,25,0.5,OK,OK,none
PB2,none,none,Streptomycin,3,25,25,1,OK,OK,none
PB2,gyrA_S83L_D87N,Fluoroquinolone,Streptomycin,1,50,25,2,OK,OK,collateral
PB2,gyrA_S83L_D87N,Fluoroquinolone,Streptomycin,2,50,25,2,OK,OK,collateral
PB2,gyrA_S83L_D87N,Fluoroquinolone,Streptomycin,3,50,25,2,OK,OK,collateral
PB2,gyrB_D426N,Fluoroquinolone,Streptomycin,1,25,25,1,OK,OK,collateral
PB2,gyrB_D426N,Fluoroquinolone,Streptomycin,2,25,25,1,OK,OK,collateral
PB2,gyrB_D426N,Fluoroquinolone,Streptomycin,3,50,25,2,OK,OK,collateral
PB2,marR_R77H,Fluoroquinolone,Streptomycin,1,50,25,2,OK,OK,collateral
PB2,marR_R77H,Fluoroquinolone,Streptomycin,2,50,25,2,OK,OK,collateral
PB2,marR_R77H,Fluoroquinolone,Streptomycin,3,50,25,2,OK,OK,collateral
PB2,rpoB_H526Y,Rifampicin,Streptomycin,1,25,25,1,OK,OK,collateral
PB2,rpoB_H526Y,Rifampicin,Streptomycin,2,25,25,1,OK,OK,collateral
PB2,rpoB_H526Y,Rifampicin,Streptomycin,3,25,25,1,OK,OK,collateral
PB2,rpoB_S531L,Rifampicin,Streptomycin,1,25,25,1,OK,OK,collateral
PB2,rpoB_S531L,Rifampicin,Streptomycin,2,25,25,1,OK,OK,collateral
PB2,rpoB_S531L,Rifampicin,Streptomycin,3,25,25,1,OK,OK,collateral
PB2,rpsL_K43R,Aminoglycoside,Streptomycin,1,6400,25,256,Max,Max,direct
PB2,rpsL_K43R,Aminoglycoside,Streptomycin,2,6400,25,256,Max,Max,direct
PB2,rpsL_K43R,Aminoglycoside,Streptomycin,3,6400,25,256,Max,Max,direct
PB2,rpsL_K43T,Aminoglycoside,Streptomycin,1,6400,25,256,Max,Max,direct
PB2,rpsL_K43T,Aminoglycoside,Streptomycin,2,6400,25,256,Max,Max,direct
PB2,rpsL_K43T,Aminoglycoside,Streptomycin,3,6400,25,256,Max,Max,direct
PB4,none,none,Streptomycin,1,25,50,0.5,OK,OK,none
PB4,none,none,Streptomycin,2,50,50,1,OK,OK,none
PB4,none,none,Streptomycin,3,50,50,1,OK,OK,none
PB4,gyrA_S83L_D87N,Fluoroquinolone,Streptomycin,1,25,50,0.5,OK,OK,collateral
PB4,gyrA_S83L_D87N,Fluoroquinolone,Streptomycin,2,50,50,1,OK,OK,collateral
PB4,gyrA_S83L_D87N,Fluoroquinolone,Streptomycin,3,25,50,0.5,OK,OK,collateral
PB4,gyrB_D426N,Fluoroquinolone,Streptomycin,1,25,50,0.5,OK,OK,collateral
PB4,gyrB_D426N,Fluoroquinolone,Streptomycin,2,25,50,0.5,OK,OK,collateral
PB4,gyrB_D426N,Fluoroquinolone,Streptomycin,3,25,50,0.5,OK,OK,collateral
PB4,marR_R77H,Fluoroquinolone,Streptomycin,1,25,50,0.5,OK,OK,collateral
PB4,marR_R77H,Fluoroquinolone,Streptomycin,2,50,50,1,OK,OK,collateral
PB4,marR_R77H,Fluoroquinolone,Streptomycin,3,25,50,0.5,OK,OK,collateral
PB4,rpoB_H526Y,Rifampicin,Streptomycin,1,25,50,0.5,OK,OK,collateral
PB4,rpoB_H526Y,Rifampicin,Streptomycin,2,25,50,0.5,OK,OK,collateral
PB4,rpoB_H526Y,Rifampicin,Streptomycin,3,25,50,0.5,OK,OK,collateral
PB4,rpoB_S531L,Rifampicin,Streptomycin,1,NA,NA,NA,NA,NA,collateral
PB4,rpoB_S531L,Rifampicin,Streptomycin,2,NA,NA,NA,NA,NA,collateral
PB4,rpoB_S531L,Rifampicin,Streptomycin,3,NA,NA,NA,NA,NA,collateral
PB4,rpsL_K43R,Aminoglycoside,Streptomycin,1,6400,50,128,Max,Max,direct
PB4,rpsL_K43R,Aminoglycoside,Streptomycin,2,6400,50,128,Max,Max,direct
PB4,rpsL_K43R,Aminoglycoside,Streptomycin,3,6400,50,128,Max,Max,direct
PB4,rpsL_K43T,Aminoglycoside,Streptomycin,1,6400,50,128,Max,Max,direct
PB4,rpsL_K43T,Aminoglycoside,Streptomycin,2,6400,50,128,Max,Max,direct
PB4,rpsL_K43T,Aminoglycoside,Streptomycin,3,6400,50,128,Max,Max,direct
PB5,none,none,Streptomycin,1,25,25,1,OK,OK,none
PB5,none,none,Streptomycin,2,25,25,1,OK,OK,none
PB5,none,none,Streptomycin,3,25,25,1,OK,OK,none
PB5,gyrA_S83L_D87N,Fluoroquinolone,Streptomycin,1,25,25,1,OK,OK,collateral
PB5,gyrA_S83L_D87N,Fluoroquinolone,Streptomycin,2,25,25,1,OK,OK,collateral
PB5,gyrA_S83L_D87N,Fluoroquinolone,Streptomycin,3,25,25,1,OK,OK,collateral
PB5,gyrB_D426N,Fluoroquinolone,Streptomycin,1,25,25,1,OK,OK,collateral
PB5,gyrB_D426N,Fluoroquinolone,Streptomycin,2,25,25,1,OK,OK,collateral
PB5,gyrB_D426N,Fluoroquinolone,Streptomycin,3,25,25,1,OK,OK,collateral
PB5,marR_R77H,Fluoroquinolone,Streptomycin,1,25,25,1,OK,OK,collateral
PB5,marR_R77H,Fluoroquinolone,Streptomycin,2,25,25,1,OK,OK,collateral
PB5,marR_R77H,Fluoroquinolone,Streptomycin,3,25,25,1,OK,OK,collateral
PB5,rpoB_H526Y,Rifampicin,Streptomycin,1,25,25,1,OK,OK,collateral
PB5,rpoB_H526Y,Rifampicin,Streptomycin,2,25,25,1,OK,OK,collateral
PB5,rpoB_H526Y,Rifampicin,Streptomycin,3,25,25,1,OK,OK,collateral
PB5,rpoB_S531L,Rifampicin,Streptomycin,1,12.5,25,0.5,OK,OK,collateral
PB5,rpoB_S531L,Rifampicin,Streptomycin,2,12.5,25,0.5,OK,OK,collateral
PB5,rpoB_S531L,Rifampicin,Streptomycin,3,12.5,25,0.5,OK,OK,collateral
PB5,rpsL_K43R,Aminoglycoside,Streptomycin,1,6400,25,256,Max,Max,direct
PB5,rpsL_K43R,Aminoglycoside,Streptomycin,2,6400,25,256,Max,Max,direct
PB5,rpsL_K43R,Aminoglycoside,Streptomycin,3,6400,25,256,Max,Max,direct
PB5,rpsL_K43T,Aminoglycoside,Streptomycin,1,6400,25,256,Max,Max,direct
PB5,rpsL_K43T,Aminoglycoside,Streptomycin,2,6400,25,256,Max,Max,direct
PB5,rpsL_K43T,Aminoglycoside,Streptomycin,3,6400,25,256,Max,Max,direct
PB6,none,none,Streptomycin,1,3200,3200,1,OK,OK,none
PB6,none,none,Streptomycin,2,3200,3200,1,OK,OK,none
PB6,none,none,Streptomycin,3,3200,3200,1,OK,OK,none
PB6,gyrA_S83L_D87N,Fluoroquinolone,Streptomycin,1,3200,3200,1,OK,OK,collateral
PB6,gyrA_S83L_D87N,Fluoroquinolone,Streptomycin,2,6400,3200,2,Max,OK,collateral
PB6,gyrA_S83L_D87N,Fluoroquinolone,Streptomycin,3,3200,3200,1,OK,OK,collateral
PB6,gyrB_D426N,Fluoroquinolone,Streptomycin,1,NA,NA,NA,NA,NA,collateral
PB6,gyrB_D426N,Fluoroquinolone,Streptomycin,2,NA,NA,NA,NA,NA,collateral
PB6,gyrB_D426N,Fluoroquinolone,Streptomycin,3,NA,NA,NA,NA,NA,collateral
PB6,marR_R77H,Fluoroquinolone,Streptomycin,1,3200,3200,1,OK,OK,collateral
PB6,marR_R77H,Fluoroquinolone,Streptomycin,2,3200,3200,1,OK,OK,collateral
PB6,marR_R77H,Fluoroquinolone,Streptomycin,3,3200,3200,1,OK,OK,collateral
PB6,rpoB_H526Y,Rifampicin,Streptomycin,1,1600,3200,0.5,OK,OK,collateral
PB6,rpoB_H526Y,Rifampicin,Streptomycin,2,1600,3200,0.5,OK,OK,collateral
PB6,rpoB_H526Y,Rifampicin,Streptomycin,3,1600,3200,0.5,OK,OK,collateral
PB6,rpoB_S531L,Rifampicin,Streptomycin,1,3200,3200,1,OK,OK,collateral
PB6,rpoB_S531L,Rifampicin,Streptomycin,2,3200,3200,1,OK,OK,collateral
PB6,rpoB_S531L,Rifampicin,Streptomycin,3,3200,3200,1,OK,OK,collateral
PB6,rpsL_K43R,Aminoglycoside,Streptomycin,1,NA,NA,NA,NA,NA,direct
PB6,rpsL_K43R,Aminoglycoside,Streptomycin,2,NA,NA,NA,NA,NA,direct
PB6,rpsL_K43R,Aminoglycoside,Streptomycin,3,NA,NA,NA,NA,NA,direct
PB6,rpsL_K43T,Aminoglycoside,Streptomycin,1,NA,NA,NA,NA,NA,direct
PB6,rpsL_K43T,Aminoglycoside,Streptomycin,2,NA,NA,NA,NA,NA,direct
PB6,rpsL_K43T,Aminoglycoside,Streptomycin,3,NA,NA,NA,NA,NA,direct
PB10,none,none,Streptomycin,1,50,200,0.25,OK,OK,none
PB10,none,none,Streptomycin,2,200,200,1,OK,OK,none
PB10,none,none,Streptomycin,3,200,200,1,OK,OK,none
PB10,gyrA_S83L_D87N,Fluoroquinolone,Streptomycin,1,NA,NA,NA,NA,NA,collateral
PB10,gyrA_S83L_D87N,Fluoroquinolone,Streptomycin,2,NA,NA,NA,NA,NA,collateral
PB10,gyrA_S83L_D87N,Fluoroquinolone,Streptomycin,3,NA,NA,NA,NA,NA,collateral
PB10,gyrB_D426N,Fluoroquinolone,Streptomycin,1,NA,NA,NA,NA,NA,collateral
PB10,gyrB_D426N,Fluoroquinolone,Streptomycin,2,NA,NA,NA,NA,NA,collateral
PB10,gyrB_D426N,Fluoroquinolone,Streptomycin,3,NA,NA,NA,NA,NA,collateral
PB10,marR_R77H,Fluoroquinolone,Streptomycin,1,NA,NA,NA,NA,NA,collateral
PB10,marR_R77H,Fluoroquinolone,Streptomycin,2,NA,NA,NA,NA,NA,collateral
PB10,marR_R77H,Fluoroquinolone,Streptomycin,3,NA,NA,NA,NA,NA,collateral
PB10,rpoB_H526Y,Rifampicin,Streptomycin,1,50,200,0.25,OK,OK,collateral
PB10,rpoB_H526Y,Rifampicin,Streptomycin,2,100,200,0.5,OK,OK,collateral
PB10,rpoB_H526Y,Rifampicin,Streptomycin,3,50,200,0.25,OK,OK,collateral
PB10,rpoB_S531L,Rifampicin,Streptomycin,1,200,200,1,OK,OK,collateral
PB10,rpoB_S531L,Rifampicin,Streptomycin,2,200,200,1,OK,OK,collateral
PB10,rpoB_S531L,Rifampicin,Streptomycin,3,200,200,1,OK,OK,collateral
PB10,rpsL_K43R,Aminoglycoside,Streptomycin,1,6400,200,32,Max,Max,direct
PB10,rpsL_K43R,Aminoglycoside,Streptomycin,2,6400,200,32,Max,Max,direct
PB10,rpsL_K43R,Aminoglycoside,Streptomycin,3,6400,200,32,Max,Max,direct
PB10,rpsL_K43T,Aminoglycoside,Streptomycin,1,6400,200,32,Max,Max,direct
PB10,rpsL_K43T,Aminoglycoside,Streptomycin,2,6400,200,32,Max,Max,direct
PB10,rpsL_K43T,Aminoglycoside,Streptomycin,3,6400,200,32,Max,Max,direct
PB13,none,none,Streptomycin,1,25,25,1,OK,OK,none
PB13,none,none,Streptomycin,2,25,25,1,OK,OK,none
PB13,none,none,Streptomycin,3,25,25,1,OK,OK,none
PB13,gyrA_S83L_D87N,Fluoroquinolone,Streptomycin,1,NA,NA,NA,NA,NA,collateral
PB13,gyrA_S83L_D87N,Fluoroquinolone,Streptomycin,2,NA,NA,NA,NA,NA,collateral
PB13,gyrA_S83L_D87N,Fluoroquinolone,Streptomycin,3,NA,NA,NA,NA,NA,collateral
PB13,gyrB_D426N,Fluoroquinolone,Streptomycin,1,NA,NA,NA,NA,NA,collateral
PB13,gyrB_D426N,Fluoroquinolone,Streptomycin,2,NA,NA,NA,NA,NA,collateral
PB13,gyrB_D426N,Fluoroquinolone,Streptomycin,3,NA,NA,NA,NA,NA,collateral
PB13,marR_R77H,Fluoroquinolone,Streptomycin,1,NA,NA,NA,NA,NA,collateral
PB13,marR_R77H,Fluoroquinolone,Streptomycin,2,NA,NA,NA,NA,NA,collateral
PB13,marR_R77H,Fluoroquinolone,Streptomycin,3,NA,NA,NA,NA,NA,collateral
PB13,rpoB_H526Y,Rifampicin,Streptomycin,1,12.5,25,0.5,OK,OK,collateral
PB13,rpoB_H526Y,Rifampicin,Streptomycin,2,12.5,25,0.5,OK,OK,collateral
PB13,rpoB_H526Y,Rifampicin,Streptomycin,3,12.5,25,0.5,OK,OK,collateral
PB13,rpoB_S531L,Rifampicin,Streptomycin,1,12.5,25,0.5,OK,OK,collateral
PB13,rpoB_S531L,Rifampicin,Streptomycin,2,6.25,25,0.25,OK,OK,collateral
PB13,rpoB_S531L,Rifampicin,Streptomycin,3,6.25,25,0.25,OK,OK,collateral
PB13,rpsL_K43R,Aminoglycoside,Streptomycin,1,6400,25,256,Max,Max,direct
PB13,rpsL_K43R,Aminoglycoside,Streptomycin,2,6400,25,256,Max,Max,direct
PB13,rpsL_K43R,Aminoglycoside,Streptomycin,3,6400,25,256,Max,Max,direct
PB13,rpsL_K43T,Aminoglycoside,Streptomycin,1,6400,25,256,Max,Max,direct
PB13,rpsL_K43T,Aminoglycoside,Streptomycin,2,6400,25,256,Max,Max,direct
PB13,rpsL_K43T,Aminoglycoside,Streptomycin,3,6400,25,256,Max,Max,direct
PB15,none,none,Streptomycin,1,100,25,4,OK,OK,none
PB15,none,none,Streptomycin,2,25,25,1,OK,OK,none
PB15,none,none,Streptomycin,3,25,25,1,OK,OK,none
PB15,gyrA_S83L_D87N,Fluoroquinolone,Streptomycin,1,NA,NA,NA,NA,NA,collateral
PB15,gyrA_S83L_D87N,Fluoroquinolone,Streptomycin,2,NA,NA,NA,NA,NA,collateral
PB15,gyrA_S83L_D87N,Fluoroquinolone,Streptomycin,3,NA,NA,NA,NA,NA,collateral
PB15,gyrB_D426N,Fluoroquinolone,Streptomycin,1,NA,NA,NA,NA,NA,collateral
PB15,gyrB_D426N,Fluoroquinolone,Streptomycin,2,NA,NA,NA,NA,NA,collateral
PB15,gyrB_D426N,Fluoroquinolone,Streptomycin,3,NA,NA,NA,NA,NA,collateral
PB15,marR_R77H,Fluoroquinolone,Streptomycin,1,NA,NA,NA,NA,NA,collateral
PB15,marR_R77H,Fluoroquinolone,Streptomycin,2,NA,NA,NA,NA,NA,collateral
PB15,marR_R77H,Fluoroquinolone,Streptomycin,3,NA,NA,NA,NA,NA,collateral
PB15,rpoB_H526Y,Rifampicin,Streptomycin,1,25,25,1,OK,OK,collateral
PB15,rpoB_H526Y,Rifampicin,Streptomycin,2,25,25,1,OK,OK,collateral
PB15,rpoB_H526Y,Rifampicin,Streptomycin,3,25,25,1,OK,OK,collateral
PB15,rpoB_S531L,Rifampicin,Streptomycin,1,200,25,8,OK,OK,collateral
PB15,rpoB_S531L,Rifampicin,Streptomycin,2,200,25,8,OK,OK,collateral
PB15,rpoB_S531L,Rifampicin,Streptomycin,3,200,25,8,OK,OK,collateral
PB15,rpsL_K43R,Aminoglycoside,Streptomycin,1,1600,25,64,OK,OK,direct
PB15,rpsL_K43R,Aminoglycoside,Streptomycin,2,3200,25,128,OK,OK,direct
PB15,rpsL_K43R,Aminoglycoside,Streptomycin,3,6400,25,256,Max,OK,direct
PB15,rpsL_K43T,Aminoglycoside,Streptomycin,1,6400,25,256,Max,Max,direct
PB15,rpsL_K43T,Aminoglycoside,Streptomycin,2,6400,25,256,Max,Max,direct
PB15,rpsL_K43T,Aminoglycoside,Streptomycin,3,6400,25,256,Max,Max,direct
